ds,y,is_holiday,is_campaign,is_promo
2023-01-01 00:00:00,6704.738853971215,1,0,0
2023-01-01 01:00:00,4579.5893662525405,1,0,0
2023-01-01 02:00:00,3986.9323289808203,1,0,0
2023-01-01 03:00:00,4706.654817037565,1,0,0
2023-01-01 04:00:00,4699.417717488551,1,0,0
2023-01-01 05:00:00,4381.599869962851,1,0,0
2023-01-01 06:00:00,4568.910757198921,1,0,0
2023-01-01 07:00:00,4835.24383531173,1,0,0
2023-01-01 08:00:00,4708.055903952524,1,0,0
2023-01-01 09:00:00,4340.043770450613,1,0,0
2023-01-01 10:00:00,4858.435401726894,1,0,0
2023-01-01 11:00:00,3983.724067086911,1,0,0
2023-01-01 12:00:00,4304.574099368168,1,0,0
2023-01-01 13:00:00,4138.174249770742,1,0,0
2023-01-01 14:00:00,4136.839452858515,1,0,0
2023-01-01 15:00:00,5494.598617271488,1,0,0
2023-01-01 16:00:00,5587.831582105319,1,0,0
2023-01-01 17:00:00,4489.090928503156,1,0,0
2023-01-01 18:00:00,4741.200534279747,1,0,0
2023-01-01 19:00:00,5212.813975397855,1,0,0
2023-01-01 20:00:00,4144.417124926475,1,0,0
2023-01-01 21:00:00,4152.908173721043,1,0,0
2023-01-01 22:00:00,3707.7639073052296,1,0,0
2023-01-01 23:00:00,4330.762863745301,1,0,0
2023-01-02 00:00:00,5433.371375749313,1,0,0
2023-01-02 01:00:00,6270.397713465702,1,0,0
2023-01-02 02:00:00,6239.1958646713765,1,0,0
2023-01-02 03:00:00,7849.433542928798,1,0,0
2023-01-02 04:00:00,5782.878067878352,1,0,0
2023-01-02 05:00:00,5503.533653373472,1,0,0
2023-01-02 06:00:00,4997.498529589896,1,0,0
2023-01-02 07:00:00,5994.606868717725,1,0,0
2023-01-02 08:00:00,7923.029595433756,1,0,0
2023-01-02 09:00:00,5923.593685623883,1,0,0
2023-01-02 10:00:00,4976.744238171856,1,0,0
2023-01-02 11:00:00,4972.934109708267,1,0,0
2023-01-02 12:00:00,6327.620443980779,1,0,0
2023-01-02 13:00:00,6694.704430819901,1,0,0
2023-01-02 14:00:00,5757.879565438019,1,0,0
2023-01-02 15:00:00,5517.215680719923,1,0,0
2023-01-02 16:00:00,6734.504914885348,1,0,0
2023-01-02 17:00:00,6337.09387968849,1,0,0
2023-01-02 18:00:00,5903.511284174303,1,0,0
2023-01-02 19:00:00,6706.209009972627,1,0,0
2023-01-02 20:00:00,5886.538269178442,1,0,0
2023-01-02 21:00:00,5933.986889045075,1,0,0
2023-01-02 22:00:00,5765.9555083432315,1,0,0
2023-01-02 23:00:00,5653.358505726898,1,0,0
2023-01-03 00:00:00,5726.297579852435,1,0,0
2023-01-03 01:00:00,5271.305698317102,1,0,0
2023-01-03 02:00:00,6249.98670389436,1,0,0
2023-01-03 03:00:00,6562.791035025782,1,0,0
2023-01-03 04:00:00,6076.102933106039,1,0,0
2023-01-03 05:00:00,5905.237627562321,1,0,0
2023-01-03 06:00:00,6949.731627941279,1,0,0
2023-01-03 07:00:00,5507.474009023052,1,0,0
2023-01-03 08:00:00,6723.128460103671,1,0,0
2023-01-03 09:00:00,4989.531130836092,1,0,0
2023-01-03 10:00:00,6495.607853525061,1,0,0
2023-01-03 11:00:00,5218.194399534045,1,0,0
2023-01-03 12:00:00,5939.759766590046,1,0,0
2023-01-03 13:00:00,6415.233253584785,1,0,0
2023-01-03 14:00:00,6331.0242875367,1,0,0
2023-01-03 15:00:00,5740.893282742909,1,0,0
2023-01-03 16:00:00,10270.772774055007,1,0,0
2023-01-03 17:00:00,6405.718641662024,1,0,0
2023-01-03 18:00:00,6131.449797126181,1,0,0
2023-01-03 19:00:00,5415.929702523081,1,0,0
2023-01-03 20:00:00,5483.922904918717,1,0,0
2023-01-03 21:00:00,5912.702482394573,1,0,0
2023-01-03 22:00:00,6201.327572107253,1,0,0
2023-01-03 23:00:00,5996.042212425812,1,0,0
2023-01-04 00:00:00,6403.79655101684,1,0,0
2023-01-04 01:00:00,5651.868860534589,1,0,0
2023-01-04 02:00:00,6395.510128154991,1,0,0
2023-01-04 03:00:00,6405.206572268061,1,0,0
2023-01-04 04:00:00,6184.749623990111,1,0,0
2023-01-04 05:00:00,6147.4731033701255,1,0,0
2023-01-04 06:00:00,5506.7522967631185,1,0,0
2023-01-04 07:00:00,5604.476649115459,1,0,0
2023-01-04 08:00:00,5554.317651324795,1,0,0
2023-01-04 09:00:00,5130.91987229223,1,0,0
2023-01-04 10:00:00,5117.198190930536,1,0,0
2023-01-04 11:00:00,5924.009329743401,1,0,0
2023-01-04 12:00:00,5883.816283785385,1,0,0
2023-01-04 13:00:00,6164.890641950424,1,0,0
2023-01-04 14:00:00,6206.9627043537375,1,0,0
2023-01-04 15:00:00,7111.460920646572,1,0,0
2023-01-04 16:00:00,5849.0700765205165,1,0,0
2023-01-04 17:00:00,5762.483882614029,1,0,0
2023-01-04 18:00:00,6313.981524446061,1,0,0
2023-01-04 19:00:00,4094.9763920025175,1,0,0
2023-01-04 20:00:00,4738.578558258178,1,0,0
2023-01-04 21:00:00,4296.514786963517,1,0,0
2023-01-04 22:00:00,5295.961453207719,1,0,0
2023-01-04 23:00:00,5644.950246175349,1,0,0
2023-01-05 00:00:00,5249.754629487841,1,0,0
2023-01-05 01:00:00,6379.4170302430875,1,0,0
2023-01-05 02:00:00,6685.729246422588,1,0,0
2023-01-05 03:00:00,6096.321931465863,1,0,0
2023-01-05 04:00:00,6414.930613675054,1,0,0
2023-01-05 05:00:00,5735.686462390574,1,0,0
2023-01-05 06:00:00,5945.615884429599,1,0,0
2023-01-05 07:00:00,5164.674508923345,1,0,0
2023-01-05 08:00:00,6032.855457315709,1,0,0
2023-01-05 09:00:00,7177.07272828103,1,0,0
2023-01-05 10:00:00,4694.324068508348,1,0,0
2023-01-05 11:00:00,6966.942450579943,1,0,0
2023-01-05 12:00:00,6663.97404972584,1,0,0
2023-01-05 13:00:00,6171.2861828972145,1,0,0
2023-01-05 14:00:00,5363.247308886915,1,0,0
2023-01-05 15:00:00,6677.276358522889,1,0,0
2023-01-05 16:00:00,5483.1162392348915,1,0,0
2023-01-05 17:00:00,5709.14207973649,1,0,0
2023-01-05 18:00:00,5812.467487712025,1,0,0
2023-01-05 19:00:00,6672.01504834951,1,0,0
2023-01-05 20:00:00,5660.816036287045,1,0,0
2023-01-05 21:00:00,5465.744198839349,1,0,0
2023-01-05 22:00:00,5850.967095662247,1,0,0
2023-01-05 23:00:00,7325.193312201199,1,0,0
2023-01-06 00:00:00,6994.2993686866985,1,0,0
2023-01-06 01:00:00,6524.094313861356,1,0,0
2023-01-06 02:00:00,6382.02627321886,1,0,0
2023-01-06 03:00:00,7051.08322036202,1,0,0
2023-01-06 04:00:00,5225.5530430365725,1,0,0
2023-01-06 05:00:00,5830.847533356897,1,0,0
2023-01-06 06:00:00,5686.109175215784,1,0,0
2023-01-06 07:00:00,5848.740694832239,1,0,0
2023-01-06 08:00:00,5311.463302116601,1,0,0
2023-01-06 09:00:00,6679.199289046192,1,0,0
2023-01-06 10:00:00,5872.672955097117,1,0,0
2023-01-06 11:00:00,5216.728087120833,1,0,0
2023-01-06 12:00:00,5665.114552577976,1,0,0
2023-01-06 13:00:00,6448.863821481458,1,0,0
2023-01-06 14:00:00,6858.711858892626,1,0,0
2023-01-06 15:00:00,7830.713243860446,1,0,0
2023-01-06 16:00:00,7892.109893054055,1,0,0
2023-01-06 17:00:00,6330.024354552689,1,0,0
2023-01-06 18:00:00,5367.439317500104,1,0,0
2023-01-06 19:00:00,4152.520029383615,1,0,0
2023-01-06 20:00:00,5410.800795127687,1,0,0
2023-01-06 21:00:00,5406.094172929143,1,0,0
2023-01-06 22:00:00,5730.503173169411,1,0,0
2023-01-06 23:00:00,5608.346699459541,1,0,0
2023-01-07 00:00:00,4811.9564255154155,1,0,0
2023-01-07 01:00:00,5124.550225612766,1,0,0
2023-01-07 02:00:00,4801.134248520093,1,0,0
2023-01-07 03:00:00,4606.427097910384,1,0,0
2023-01-07 04:00:00,4245.2533753729285,1,0,0
2023-01-07 05:00:00,3076.570315809081,1,0,0
2023-01-07 06:00:00,4073.90066442972,1,0,0
2023-01-07 07:00:00,4254.144465296878,1,0,0
2023-01-07 08:00:00,4827.57501048643,1,0,0
2023-01-07 09:00:00,4327.903894157256,1,0,0
2023-01-07 10:00:00,4891.511322025925,1,0,0
2023-01-07 11:00:00,3543.8656377946904,1,0,0
2023-01-07 12:00:00,3801.026869520136,1,0,0
2023-01-07 13:00:00,4012.826368535325,1,0,0
2023-01-07 14:00:00,3985.223679440248,1,0,0
2023-01-07 15:00:00,4510.803431806244,1,0,0
2023-01-07 16:00:00,3815.260932643539,1,0,0
2023-01-07 17:00:00,4481.876189051105,1,0,0
2023-01-07 18:00:00,3470.2899913175997,1,0,0
2023-01-07 19:00:00,4361.661404929763,1,0,0
2023-01-07 20:00:00,4008.3781645497534,1,0,0
2023-01-07 21:00:00,4066.430348740427,1,0,0
2023-01-07 22:00:00,4183.859400787492,1,0,0
2023-01-07 23:00:00,4063.1224584445004,1,0,0
2023-01-08 00:00:00,4462.745651824721,1,0,0
2023-01-08 01:00:00,3993.45132050057,1,0,0
2023-01-08 02:00:00,3792.241089507097,1,0,0
2023-01-08 03:00:00,3841.078609209345,1,0,0
2023-01-08 04:00:00,4515.001227200042,1,0,0
2023-01-08 05:00:00,5248.417537223632,1,0,0
2023-01-08 06:00:00,5419.538334304731,1,0,0
2023-01-08 07:00:00,5188.768436618726,1,0,0
2023-01-08 08:00:00,4945.656242168984,1,0,0
2023-01-08 09:00:00,5890.020101397647,1,0,0
2023-01-08 10:00:00,5407.877391024987,1,0,0
2023-01-08 11:00:00,4533.950411876195,1,0,0
2023-01-08 12:00:00,4592.437895370883,1,0,0
2023-01-08 13:00:00,4519.226681975482,1,0,0
2023-01-08 14:00:00,4972.09778818628,1,0,0
2023-01-08 15:00:00,4603.204884473084,1,0,0
2023-01-08 16:00:00,3884.2441303585433,1,0,0
2023-01-08 17:00:00,4233.587054703451,1,0,0
2023-01-08 18:00:00,5846.48570459143,1,0,0
2023-01-08 19:00:00,4774.700469911701,1,0,0
2023-01-08 20:00:00,4776.618252209869,1,0,0
2023-01-08 21:00:00,5056.064486708991,1,0,0
2023-01-08 22:00:00,5541.665637826564,1,0,0
2023-01-08 23:00:00,4152.994332297793,1,0,0
2023-01-09 00:00:00,3336.1014254552206,0,0,0
2023-01-09 01:00:00,3479.9724951311364,0,0,0
2023-01-09 02:00:00,3287.7509843692537,0,0,0
2023-01-09 03:00:00,3355.9731787668493,0,0,0
2023-01-09 04:00:00,3303.782032151773,0,0,0
2023-01-09 05:00:00,3716.685237969503,0,0,0
2023-01-09 06:00:00,4570.860107294642,0,0,0
2023-01-09 07:00:00,3849.663643740139,0,0,0
2023-01-09 08:00:00,3452.7662380597626,0,0,0
2023-01-09 09:00:00,2646.1571974750073,0,0,0
2023-01-09 10:00:00,3772.2352538544865,0,0,0
2023-01-09 11:00:00,3153.8649872679707,0,0,0
2023-01-09 12:00:00,2988.11833066781,0,0,0
2023-01-09 13:00:00,2941.8754816211685,0,0,0
2023-01-09 14:00:00,3296.015141763921,0,0,0
2023-01-09 15:00:00,3695.2725839869427,0,0,0
2023-01-09 16:00:00,2764.1984777123766,0,0,0
2023-01-09 17:00:00,3118.690997575861,0,0,0
2023-01-09 18:00:00,3029.495076307622,0,0,0
2023-01-09 19:00:00,3136.732971962565,0,0,0
2023-01-09 20:00:00,3404.4690180266566,0,0,0
2023-01-09 21:00:00,3193.145442991111,0,0,0
2023-01-09 22:00:00,2877.860430088302,0,0,0
2023-01-09 23:00:00,2982.706034675312,0,0,0
2023-01-10 00:00:00,3117.741740500495,0,0,0
2023-01-10 01:00:00,3296.0629794106103,0,0,0
2023-01-10 02:00:00,3448.639756511599,0,0,0
2023-01-10 03:00:00,3256.146880928794,0,0,0
2023-01-10 04:00:00,2826.2116213036506,0,0,0
2023-01-10 05:00:00,3432.1854509183668,0,0,0
2023-01-10 06:00:00,3786.9364413605854,0,0,0
2023-01-10 07:00:00,4729.93948783659,0,0,0
2023-01-10 08:00:00,3817.803866456597,0,0,0
2023-01-10 09:00:00,3079.901927536684,0,0,0
2023-01-10 10:00:00,3355.906706592769,0,0,0
2023-01-10 11:00:00,3292.435036065798,0,0,0
2023-01-10 12:00:00,3018.4974829426915,0,0,0
2023-01-10 13:00:00,3732.6729948786497,0,0,0
2023-01-10 14:00:00,3660.3802537619385,0,0,0
2023-01-10 15:00:00,3100.580695623768,0,0,0
2023-01-10 16:00:00,3074.460648902788,0,0,0
2023-01-10 17:00:00,2507.146799954229,0,0,0
2023-01-10 18:00:00,3516.508196254762,0,0,0
2023-01-10 19:00:00,3431.041423506729,0,0,0
2023-01-10 20:00:00,3516.503568188456,0,0,0
2023-01-10 21:00:00,2980.8523371784618,0,0,0
2023-01-10 22:00:00,3341.771060719826,0,0,0
2023-01-10 23:00:00,2883.4385189897607,0,0,0
2023-01-11 00:00:00,2985.969877802132,0,0,0
2023-01-11 01:00:00,4130.780463487466,0,0,0
2023-01-11 02:00:00,2891.189267044582,0,0,0
2023-01-11 03:00:00,2300.95581450194,0,0,0
2023-01-11 04:00:00,3608.4414555978183,0,0,0
2023-01-11 05:00:00,4070.707105164428,0,0,0
2023-01-11 06:00:00,2406.4067332477994,0,0,0
2023-01-11 07:00:00,3444.6605964516243,0,0,0
2023-01-11 08:00:00,3337.9573456800426,0,0,0
2023-01-11 09:00:00,4043.8391489997316,0,0,0
2023-01-11 10:00:00,3142.9632799099886,0,0,0
2023-01-11 11:00:00,3128.852398397204,0,0,0
2023-01-11 12:00:00,3751.7287582722015,0,0,0
2023-01-11 13:00:00,3827.299160419204,0,0,0
2023-01-11 14:00:00,3670.9633175893523,0,0,0
2023-01-11 15:00:00,3874.6188870136543,0,0,0
2023-01-11 16:00:00,3343.6974721116885,0,0,0
2023-01-11 17:00:00,3151.993974434568,0,0,0
2023-01-11 18:00:00,3159.1513011463685,0,0,0
2023-01-11 19:00:00,3601.05224175036,0,0,0
2023-01-11 20:00:00,3268.125976685247,0,0,0
2023-01-11 21:00:00,4113.558304859221,0,0,0
2023-01-11 22:00:00,3570.7450147215063,0,0,0
2023-01-11 23:00:00,3592.167975904669,0,0,0
2023-01-12 00:00:00,4073.8269275766907,0,0,0
2023-01-12 01:00:00,3400.2526625455953,0,0,0
2023-01-12 02:00:00,3497.9943870640814,0,0,0
2023-01-12 03:00:00,3980.3101373505497,0,0,0
2023-01-12 04:00:00,4054.1530212157145,0,0,0
2023-01-12 05:00:00,3882.878930373366,0,0,0
2023-01-12 06:00:00,4328.568444762895,0,0,0
2023-01-12 07:00:00,3967.0687679262733,0,0,0
2023-01-12 08:00:00,3543.1618016175557,0,0,0
2023-01-12 09:00:00,3259.7954486030235,0,0,0
2023-01-12 10:00:00,3037.6628336844506,0,0,0
2023-01-12 11:00:00,3710.82098119663,0,0,0
2023-01-12 12:00:00,3586.1091454349425,0,0,0
2023-01-12 13:00:00,3629.1168555290665,0,0,0
2023-01-12 14:00:00,2901.677475361727,0,0,0
2023-01-12 15:00:00,3750.633002726197,0,0,0
2023-01-12 16:00:00,3551.503404530639,0,0,0
2023-01-12 17:00:00,3054.7943316737483,0,0,0
2023-01-12 18:00:00,3541.4929836374663,0,0,0
2023-01-12 19:00:00,3903.962864368651,0,0,0
2023-01-12 20:00:00,3856.7433784336,0,0,0
2023-01-12 21:00:00,3568.622358132283,0,0,0
2023-01-12 22:00:00,3510.865790769626,0,0,0
2023-01-12 23:00:00,3377.0014601622115,0,0,0
2023-01-13 00:00:00,3447.3879295697357,0,0,0
2023-01-13 01:00:00,3777.4336054454448,0,0,0
2023-01-13 02:00:00,2710.244657113561,0,0,0
2023-01-13 03:00:00,3316.801104162433,0,0,0
2023-01-13 04:00:00,3441.6838703235703,0,0,0
2023-01-13 05:00:00,3635.9951329199653,0,0,0
2023-01-13 06:00:00,3445.909580836896,0,0,0
2023-01-13 07:00:00,2621.1018800811125,0,0,0
2023-01-13 08:00:00,3329.3011366846736,0,0,0
2023-01-13 09:00:00,7950.267817379161,0,0,0
2023-01-13 10:00:00,2707.5412167338854,0,0,0
2023-01-13 11:00:00,3433.954280663836,0,0,0
2023-01-13 12:00:00,3152.618424581742,0,0,0
2023-01-13 13:00:00,3188.905060074168,0,0,0
2023-01-13 14:00:00,2942.8554982119176,0,0,0
2023-01-13 15:00:00,3190.351890935033,0,0,0
2023-01-13 16:00:00,3837.1168787458814,0,0,0
2023-01-13 17:00:00,3895.501816567467,0,0,0
2023-01-13 18:00:00,4135.683697489881,0,0,0
2023-01-13 19:00:00,6878.059232950066,0,0,0
2023-01-13 20:00:00,3745.434023022936,0,0,0
2023-01-13 21:00:00,3718.797331559232,0,0,0
2023-01-13 22:00:00,3613.547989448122,0,0,0
2023-01-13 23:00:00,4219.086425718181,0,0,0
2023-01-14 00:00:00,2489.454838827021,0,0,0
2023-01-14 01:00:00,2491.6810569607983,0,0,0
2023-01-14 02:00:00,2305.214223102095,0,0,0
2023-01-14 03:00:00,2805.198864640118,0,0,0
2023-01-14 04:00:00,2299.8728278947415,0,0,0
2023-01-14 05:00:00,2802.4579369335675,0,0,0
2023-01-14 06:00:00,2629.9518245107743,0,0,0
2023-01-14 07:00:00,2983.7668491433624,0,0,0
2023-01-14 08:00:00,2927.5612097680632,0,0,0
2023-01-14 09:00:00,3085.1024715332333,0,0,0
2023-01-14 10:00:00,2880.55411439157,0,0,0
2023-01-14 11:00:00,1988.7760423877646,0,0,0
2023-01-14 12:00:00,2585.617449689498,0,0,0
2023-01-14 13:00:00,2391.059586404484,0,0,0
2023-01-14 14:00:00,2792.4274590021355,0,0,0
2023-01-14 15:00:00,2999.7665607317094,0,0,0
2023-01-14 16:00:00,2856.9148578886857,0,0,0
2023-01-14 17:00:00,2735.9991619457737,0,0,0
2023-01-14 18:00:00,2399.3133866127737,0,0,0
2023-01-14 19:00:00,2546.2204903803336,0,0,0
2023-01-14 20:00:00,2317.4986961547575,0,0,0
2023-01-14 21:00:00,2605.351883451007,0,0,0
2023-01-14 22:00:00,2718.370171347544,0,0,0
2023-01-14 23:00:00,2647.6832112214233,0,0,0
2023-01-15 00:00:00,2486.768316146577,0,0,0
2023-01-15 01:00:00,1919.8355450231825,0,0,0
2023-01-15 02:00:00,2565.81490316593,0,0,0
2023-01-15 03:00:00,2481.802157951763,0,0,0
2023-01-15 04:00:00,2607.988059208715,0,0,0
2023-01-15 05:00:00,2861.030485970564,0,0,0
2023-01-15 06:00:00,2190.2977154899995,0,0,0
2023-01-15 07:00:00,2649.2453705389994,0,0,0
2023-01-15 08:00:00,3193.861205315297,0,0,0
2023-01-15 09:00:00,2599.4947830483165,0,0,0
2023-01-15 10:00:00,3005.861118984437,0,0,0
2023-01-15 11:00:00,2708.8844596213726,0,0,0
2023-01-15 12:00:00,2827.384672540632,0,0,0
2023-01-15 13:00:00,2571.457645539298,0,0,0
2023-01-15 14:00:00,2965.4585543810376,0,0,0
2023-01-15 15:00:00,3030.281614589625,0,0,0
2023-01-15 16:00:00,3088.2943231540985,0,0,0
2023-01-15 17:00:00,2739.241463622186,0,0,0
2023-01-15 18:00:00,2875.1551705577644,0,0,0
2023-01-15 19:00:00,2311.435090290294,0,0,0
2023-01-15 20:00:00,2865.5055522966454,0,0,0
2023-01-15 21:00:00,2670.308526242317,0,0,0
2023-01-15 22:00:00,2828.2536480755057,0,0,0
2023-01-15 23:00:00,3073.235090244527,0,0,0
2023-01-16 00:00:00,3226.749346118016,0,1,0
2023-01-16 01:00:00,7768.20667396098,0,1,0
2023-01-16 02:00:00,8424.209925222302,0,1,0
2023-01-16 03:00:00,6210.492325295063,0,1,0
2023-01-16 04:00:00,5750.776109012008,0,1,0
2023-01-16 05:00:00,7828.361451280617,0,1,0
2023-01-16 06:00:00,7284.101705636673,0,1,0
2023-01-16 07:00:00,8045.027779210884,0,1,0
2023-01-16 08:00:00,9342.041654305865,0,1,0
2023-01-16 09:00:00,8447.148828482059,0,1,0
2023-01-16 10:00:00,9299.905062481299,0,1,0
2023-01-16 11:00:00,8394.984851238249,0,1,0
2023-01-16 12:00:00,9938.258607657182,0,1,0
2023-01-16 13:00:00,7630.334570182263,0,1,0
2023-01-16 14:00:00,6126.46348601726,0,1,0
2023-01-16 15:00:00,8753.348158947305,0,1,0
2023-01-16 16:00:00,7290.341025660583,0,1,0
2023-01-16 17:00:00,7949.682737480516,0,1,0
2023-01-16 18:00:00,8517.824827412911,0,1,0
2023-01-16 19:00:00,6655.290551240878,0,1,0
2023-01-16 20:00:00,6610.289954863798,0,1,0
2023-01-16 21:00:00,6729.232246360638,0,1,0
2023-01-16 22:00:00,7120.421773057949,0,1,0
2023-01-16 23:00:00,3541.3396227822113,0,1,0
2023-01-17 00:00:00,3077.3179791370876,0,1,0
2023-01-17 01:00:00,7587.11969457478,0,1,0
2023-01-17 02:00:00,6530.65551498232,0,1,0
2023-01-17 03:00:00,5700.927874703916,0,1,0
2023-01-17 04:00:00,7393.527105965251,0,1,0
2023-01-17 05:00:00,7230.148781444227,0,1,0
2023-01-17 06:00:00,7611.189502028793,0,1,0
2023-01-17 07:00:00,7715.002954624731,0,1,0
2023-01-17 08:00:00,7589.030977730537,0,1,0
2023-01-17 09:00:00,7484.201781507581,0,1,0
2023-01-17 10:00:00,6893.38113807737,0,1,0
2023-01-17 11:00:00,7794.812638277602,0,1,0
2023-01-17 12:00:00,6449.095896394428,0,1,0
2023-01-17 13:00:00,7751.313231220139,0,1,0
2023-01-17 14:00:00,7971.243039770492,0,1,0
2023-01-17 15:00:00,7044.873930285169,0,1,0
2023-01-17 16:00:00,6563.286887771861,0,1,0
2023-01-17 17:00:00,10508.723237216655,0,1,0
2023-01-17 18:00:00,7761.969951719532,0,1,0
2023-01-17 19:00:00,6179.04537764558,0,1,0
2023-01-17 20:00:00,7569.532936703278,0,1,0
2023-01-17 21:00:00,6249.161105777119,0,1,0
2023-01-17 22:00:00,6589.842800573637,0,1,0
2023-01-17 23:00:00,2801.7580336115184,0,1,0
2023-01-18 00:00:00,2736.9904854201422,0,1,0
2023-01-18 01:00:00,6873.093777850028,0,1,0
2023-01-18 02:00:00,7760.768679076059,0,1,0
2023-01-18 03:00:00,6866.345745764052,0,1,0
2023-01-18 04:00:00,7958.25797040149,0,1,0
2023-01-18 05:00:00,7260.156682857833,0,1,0
2023-01-18 06:00:00,8720.943445297096,0,1,0
2023-01-18 07:00:00,7164.167577389717,0,1,0
2023-01-18 08:00:00,8337.423007774116,0,1,0
2023-01-18 09:00:00,7554.767509204984,0,1,0
2023-01-18 10:00:00,6799.497548783677,0,1,0
2023-01-18 11:00:00,7433.772000217465,0,1,0
2023-01-18 12:00:00,6035.60013508255,0,1,0
2023-01-18 13:00:00,6380.7387752622635,0,1,0
2023-01-18 14:00:00,7459.422120688593,0,1,0
2023-01-18 15:00:00,8592.714029228167,0,1,0
2023-01-18 16:00:00,8829.182713341488,0,1,0
2023-01-18 17:00:00,6695.2113674927505,0,1,0
2023-01-18 18:00:00,8291.41210509544,0,1,0
2023-01-18 19:00:00,6912.586712049795,0,1,0
2023-01-18 20:00:00,7500.084528040366,0,1,0
2023-01-18 21:00:00,7835.07864376194,0,1,0
2023-01-18 22:00:00,6483.319712069667,0,1,0
2023-01-18 23:00:00,4007.1006870233578,0,1,0
2023-01-19 00:00:00,3254.5843537570545,0,0,0
2023-01-19 01:00:00,2828.895201310929,0,0,0
2023-01-19 02:00:00,3191.8950355218517,0,0,0
2023-01-19 03:00:00,3267.647824883967,0,0,0
2023-01-19 04:00:00,2832.1701632657573,0,0,0
2023-01-19 05:00:00,3448.2608265682857,0,0,0
2023-01-19 06:00:00,3372.039838978944,0,0,0
2023-01-19 07:00:00,3818.8574491310274,0,0,0
2023-01-19 08:00:00,4721.632263569461,0,0,0
2023-01-19 09:00:00,3451.189242747083,0,0,0
2023-01-19 10:00:00,3449.9191158832546,0,0,0
2023-01-19 11:00:00,4392.316754957009,0,0,0
2023-01-19 12:00:00,3314.4737763107387,0,0,0
2023-01-19 13:00:00,4175.546646623005,0,0,0
2023-01-19 14:00:00,3690.5505972034625,0,0,0
2023-01-19 15:00:00,3568.884702181721,0,0,0
2023-01-19 16:00:00,3111.587851141021,0,0,0
2023-01-19 17:00:00,4158.552160658725,0,0,0
2023-01-19 18:00:00,4309.272800184525,0,0,0
2023-01-19 19:00:00,3672.033210690581,0,0,0
2023-01-19 20:00:00,3320.3932905780084,0,0,0
2023-01-19 21:00:00,3593.8135009126604,0,0,0
2023-01-19 22:00:00,3368.965626931749,0,0,0
2023-01-19 23:00:00,3658.848142882483,0,0,0
2023-01-20 00:00:00,3424.256674991207,0,0,0
2023-01-20 01:00:00,3838.370873838602,0,0,0
2023-01-20 02:00:00,3266.713802372217,0,0,0
2023-01-20 03:00:00,2853.976518501819,0,0,0
2023-01-20 04:00:00,2805.4835281833443,0,0,0
2023-01-20 05:00:00,3339.3186851442483,0,0,0
2023-01-20 06:00:00,3493.8871559400263,0,0,0
2023-01-20 07:00:00,3637.9279004837877,0,0,0
2023-01-20 08:00:00,3928.0219462667797,0,0,0
2023-01-20 09:00:00,4094.894520758298,0,0,0
2023-01-20 10:00:00,3239.700918176574,0,0,0
2023-01-20 11:00:00,3444.659245651444,0,0,0
2023-01-20 12:00:00,3412.2433114514747,0,0,0
2023-01-20 13:00:00,3356.1050476702153,0,0,0
2023-01-20 14:00:00,3548.187915894797,0,0,0
2023-01-20 15:00:00,3260.6253310851494,0,0,0
2023-01-20 16:00:00,3124.7399988635834,0,0,0
2023-01-20 17:00:00,4074.5929790719297,0,0,0
2023-01-20 18:00:00,3616.657353006789,0,0,0
2023-01-20 19:00:00,3288.560846574888,0,0,0
2023-01-20 20:00:00,4473.692058104957,0,0,0
2023-01-20 21:00:00,3606.452493171315,0,0,0
2023-01-20 22:00:00,4472.862258516706,0,0,0
2023-01-20 23:00:00,4077.078726614348,0,0,0
2023-01-21 00:00:00,2791.0019041031514,0,0,0
2023-01-21 01:00:00,2505.203341133796,0,0,0
2023-01-21 02:00:00,2641.655309168874,0,0,0
2023-01-21 03:00:00,2356.925219636223,0,0,0
2023-01-21 04:00:00,2930.842668204018,0,0,0
2023-01-21 05:00:00,2234.0692847914606,0,0,0
2023-01-21 06:00:00,2948.4189364518224,0,0,0
2023-01-21 07:00:00,2919.0682958252405,0,0,0
2023-01-21 08:00:00,2895.5010489270526,0,0,0
2023-01-21 09:00:00,2294.047400224994,0,0,0
2023-01-21 10:00:00,2702.1576147515952,0,0,0
2023-01-21 11:00:00,2217.6884687303655,0,0,0
2023-01-21 12:00:00,2871.2609155090836,0,0,0
2023-01-21 13:00:00,1935.4958193960395,0,0,0
2023-01-21 14:00:00,2549.0946392451415,0,0,0
2023-01-21 15:00:00,2259.805344940964,0,0,0
2023-01-21 16:00:00,2455.0787248077377,0,0,0
2023-01-21 17:00:00,3309.207673994905,0,0,0
2023-01-21 18:00:00,3098.7679184901954,0,0,0
2023-01-21 19:00:00,2580.3674828708768,0,0,0
2023-01-21 20:00:00,2351.8927987874886,0,0,0
2023-01-21 21:00:00,1825.4645688266642,0,0,0
2023-01-21 22:00:00,2540.2871687729416,0,0,0
2023-01-21 23:00:00,3433.2034811164294,0,0,0
2023-01-22 00:00:00,2846.247344875518,0,0,0
2023-01-22 01:00:00,2557.153781896806,0,0,0
2023-01-22 02:00:00,2850.647891559697,0,0,0
2023-01-22 03:00:00,2231.189492972032,0,0,0
2023-01-22 04:00:00,2658.119139088897,0,0,0
2023-01-22 05:00:00,2873.963017556021,0,0,0
2023-01-22 06:00:00,5276.035658554252,0,0,0
2023-01-22 07:00:00,2789.326004328328,0,0,0
2023-01-22 08:00:00,2567.40980050536,0,0,0
2023-01-22 09:00:00,2715.047267269343,0,0,0
2023-01-22 10:00:00,2653.339379413927,0,0,0
2023-01-22 11:00:00,2808.4941455617395,0,0,0
2023-01-22 12:00:00,2734.0996570279967,0,0,0
2023-01-22 13:00:00,2055.2736182088743,0,0,0
2023-01-22 14:00:00,2372.727159671717,0,0,0
2023-01-22 15:00:00,3165.1611195900523,0,0,0
2023-01-22 16:00:00,2736.4224568651543,0,0,0
2023-01-22 17:00:00,3050.996583724482,0,0,0
2023-01-22 18:00:00,2418.6938082640004,0,0,0
2023-01-22 19:00:00,3071.39510248494,0,0,0
2023-01-22 20:00:00,2419.95386256964,0,0,0
2023-01-22 21:00:00,2585.4606545389065,0,0,0
2023-01-22 22:00:00,3009.764559691719,0,0,0
2023-01-22 23:00:00,2417.5172597727083,0,0,0
2023-01-23 00:00:00,2786.9943331827744,0,0,0
2023-01-23 01:00:00,3451.748331836676,0,0,0
2023-01-23 02:00:00,3583.8520083594785,0,0,0
2023-01-23 03:00:00,2890.2868807201357,0,0,0
2023-01-23 04:00:00,3832.0129800424666,0,0,0
2023-01-23 05:00:00,3605.6230509720767,0,0,0
2023-01-23 06:00:00,3498.3681192206045,0,0,0
2023-01-23 07:00:00,2601.1948576469576,0,0,0
2023-01-23 08:00:00,2644.026027640968,0,0,0
2023-01-23 09:00:00,2538.7474172469288,0,0,0
2023-01-23 10:00:00,3333.406497711385,0,0,0
2023-01-23 11:00:00,3564.3541890796796,0,0,0
2023-01-23 12:00:00,3473.992131620229,0,0,0
2023-01-23 13:00:00,3608.2748743443944,0,0,0
2023-01-23 14:00:00,3856.76248645247,0,0,0
2023-01-23 15:00:00,3769.4109786831514,0,0,0
2023-01-23 16:00:00,3270.816810234739,0,0,0
2023-01-23 17:00:00,3569.6777233106613,0,0,0
2023-01-23 18:00:00,3543.823489237301,0,0,0
2023-01-23 19:00:00,3294.8354473841396,0,0,0
2023-01-23 20:00:00,3576.0883512471637,0,0,0
2023-01-23 21:00:00,3574.842951450955,0,0,0
2023-01-23 22:00:00,4311.790183893107,0,0,0
2023-01-23 23:00:00,3235.3899929675417,0,0,0
2023-01-24 00:00:00,4059.6260224163098,0,0,0
2023-01-24 01:00:00,3531.945674904178,0,0,0
2023-01-24 02:00:00,3548.1931718628175,0,0,0
2023-01-24 03:00:00,2778.1087101791204,0,0,0
2023-01-24 04:00:00,3234.5230298484744,0,0,0
2023-01-24 05:00:00,3452.99513019815,0,0,0
2023-01-24 06:00:00,3748.751964065686,0,0,0
2023-01-24 07:00:00,3707.402203824106,0,0,0
2023-01-24 08:00:00,3129.9357724831907,0,0,0
2023-01-24 09:00:00,3859.2013320489978,0,0,0
2023-01-24 10:00:00,4136.307643689843,0,0,0
2023-01-24 11:00:00,3782.530832298363,0,0,0
2023-01-24 12:00:00,3098.944536593698,0,0,0
2023-01-24 13:00:00,3519.032909008976,0,0,0
2023-01-24 14:00:00,3671.6667274127085,0,0,0
2023-01-24 15:00:00,2750.19696821618,0,0,0
2023-01-24 16:00:00,3272.2002199052768,0,0,0
2023-01-24 17:00:00,3471.539545433472,0,0,0
2023-01-24 18:00:00,3021.8416960659247,0,0,0
2023-01-24 19:00:00,3530.7104937591835,0,0,0
2023-01-24 20:00:00,3570.0386915836393,0,0,0
2023-01-24 21:00:00,4604.9870622493145,0,0,0
2023-01-24 22:00:00,3914.6576931670897,0,0,0
2023-01-24 23:00:00,3721.3711334729223,0,0,0
2023-01-25 00:00:00,3962.647083188571,0,0,0
2023-01-25 01:00:00,2951.052691916481,0,0,0
2023-01-25 02:00:00,3257.119561548491,0,0,0
2023-01-25 03:00:00,3592.707675141662,0,0,0
2023-01-25 04:00:00,3181.310264187921,0,0,0
2023-01-25 05:00:00,3775.533497695023,0,0,0
2023-01-25 06:00:00,5022.643674225498,0,0,0
2023-01-25 07:00:00,3705.5815521926615,0,0,0
2023-01-25 08:00:00,3936.5287052482795,0,0,0
2023-01-25 09:00:00,3537.082676752633,0,0,0
2023-01-25 10:00:00,3913.879308628717,0,0,0
2023-01-25 11:00:00,3227.2963206528766,0,0,0
2023-01-25 12:00:00,3806.657122688398,0,0,0
2023-01-25 13:00:00,3977.339847498996,0,0,0
2023-01-25 14:00:00,2862.1975757018345,0,0,0
2023-01-25 15:00:00,3055.8266035264855,0,0,0
2023-01-25 16:00:00,3492.967217346702,0,0,0
2023-01-25 17:00:00,3456.9779989562194,0,0,0
2023-01-25 18:00:00,3664.2159029005147,0,0,0
2023-01-25 19:00:00,3409.6159546615613,0,0,0
2023-01-25 20:00:00,3084.8485416795525,0,0,0
2023-01-25 21:00:00,3910.686563027477,0,0,0
2023-01-25 22:00:00,3464.466255932082,0,0,0
2023-01-25 23:00:00,4257.094943382383,0,0,0
2023-01-26 00:00:00,3236.2282846935823,0,0,0
2023-01-26 01:00:00,3368.065470466309,0,0,0
2023-01-26 02:00:00,3845.6403937951764,0,0,0
2023-01-26 03:00:00,3294.2323256022646,0,0,0
2023-01-26 04:00:00,3007.892287377229,0,0,0
2023-01-26 05:00:00,2975.412779295872,0,0,0
2023-01-26 06:00:00,3805.496145661105,0,0,0
2023-01-26 07:00:00,3175.0599137115714,0,0,0
2023-01-26 08:00:00,3570.576724218208,0,0,0
2023-01-26 09:00:00,3291.6077803203,0,0,0
2023-01-26 10:00:00,3827.791062817245,0,0,0
2023-01-26 11:00:00,3334.8139515704847,0,0,0
2023-01-26 12:00:00,2907.0480386857175,0,0,0
2023-01-26 13:00:00,4085.067070740841,0,0,0
2023-01-26 14:00:00,3713.926191710292,0,0,0
2023-01-26 15:00:00,3422.4792275981185,0,0,0
2023-01-26 16:00:00,4054.7196107061227,0,0,0
2023-01-26 17:00:00,3704.9587772611076,0,0,0
2023-01-26 18:00:00,8886.65346272461,0,0,0
2023-01-26 19:00:00,3647.8510023376266,0,0,0
2023-01-26 20:00:00,3484.262305824797,0,0,0
2023-01-26 21:00:00,3289.6273988527737,0,0,0
2023-01-26 22:00:00,3643.9544031891946,0,0,0
2023-01-26 23:00:00,3202.1818339485626,0,0,0
2023-01-27 00:00:00,3823.7678348631453,0,0,0
2023-01-27 01:00:00,3253.051481177368,0,0,0
2023-01-27 02:00:00,2838.8794941804567,0,0,0
2023-01-27 03:00:00,4352.087266484417,0,0,0
2023-01-27 04:00:00,4617.1725614439765,0,0,0
2023-01-27 05:00:00,3056.598825812531,0,0,0
2023-01-27 06:00:00,2753.9421488888306,0,0,0
2023-01-27 07:00:00,2983.333972818651,0,0,0
2023-01-27 08:00:00,3365.5845577470914,0,0,0
2023-01-27 09:00:00,3359.746875642124,0,0,0
2023-01-27 10:00:00,3320.5166338753875,0,0,0
2023-01-27 11:00:00,3593.824195359018,0,0,0
2023-01-27 12:00:00,3889.0763268431274,0,0,0
2023-01-27 13:00:00,3058.8765416862507,0,0,0
2023-01-27 14:00:00,3832.565800733453,0,0,0
2023-01-27 15:00:00,4512.60627651252,0,0,0
2023-01-27 16:00:00,3209.583917170639,0,0,0
2023-01-27 17:00:00,3471.0407805041427,0,0,0
2023-01-27 18:00:00,3473.2009667929533,0,0,0
2023-01-27 19:00:00,3888.672009703276,0,0,0
2023-01-27 20:00:00,3449.129915495308,0,0,0
2023-01-27 21:00:00,3454.7953424155553,0,0,0
2023-01-27 22:00:00,3427.25335237915,0,0,0
2023-01-27 23:00:00,3611.497816598675,0,0,0
2023-01-28 00:00:00,2190.531458314868,0,0,0
2023-01-28 01:00:00,2871.3042984991166,0,0,0
2023-01-28 02:00:00,2052.0029337735273,0,0,0
2023-01-28 03:00:00,2692.4870168409593,0,0,0
2023-01-28 04:00:00,2586.3915868523736,0,0,0
2023-01-28 05:00:00,2338.3622963429725,0,0,0
2023-01-28 06:00:00,2358.188536065667,0,0,0
2023-01-28 07:00:00,3081.8651011193283,0,0,0
2023-01-28 08:00:00,2764.8592023305855,0,0,0
2023-01-28 09:00:00,2125.2220350214197,0,0,0
2023-01-28 10:00:00,2352.409009506702,0,0,0
2023-01-28 11:00:00,2176.5640578005286,0,0,0
2023-01-28 12:00:00,2177.7366608260945,0,0,0
2023-01-28 13:00:00,2618.548174156234,0,0,0
2023-01-28 14:00:00,1981.0868988611608,0,0,0
2023-01-28 15:00:00,2244.6864369935224,0,0,0
2023-01-28 16:00:00,3021.8624096477038,0,0,0
2023-01-28 17:00:00,4291.800699915693,0,0,0
2023-01-28 18:00:00,2020.094185976185,0,0,0
2023-01-28 19:00:00,3155.1481490533442,0,0,0
2023-01-28 20:00:00,2840.030050809418,0,0,0
2023-01-28 21:00:00,2641.792102775885,0,0,0
2023-01-28 22:00:00,2519.2035677487697,0,0,0
2023-01-28 23:00:00,2947.575832240068,0,0,0
2023-01-29 00:00:00,2859.665109011831,0,0,0
2023-01-29 01:00:00,3383.8009916793453,0,0,0
2023-01-29 02:00:00,2895.139583879566,0,0,0
2023-01-29 03:00:00,2883.7670895933215,0,0,0
2023-01-29 04:00:00,2820.728769243661,0,0,0
2023-01-29 05:00:00,3038.5572689078276,0,0,0
2023-01-29 06:00:00,2999.440753038285,0,0,0
2023-01-29 07:00:00,2738.1974395683737,0,0,0
2023-01-29 08:00:00,2709.8056267007614,0,0,0
2023-01-29 09:00:00,2520.719822561042,0,0,0
2023-01-29 10:00:00,2624.8796035976848,0,0,0
2023-01-29 11:00:00,2408.064824505862,0,0,0
2023-01-29 12:00:00,3031.9677141445954,0,0,0
2023-01-29 13:00:00,2281.7782910057667,0,0,0
2023-01-29 14:00:00,2796.948129809063,0,0,0
2023-01-29 15:00:00,2883.530049715928,0,0,0
2023-01-29 16:00:00,2635.914239028108,0,0,0
2023-01-29 17:00:00,2833.989466204517,0,0,0
2023-01-29 18:00:00,2071.903815094381,0,0,0
2023-01-29 19:00:00,2219.723985487817,0,0,0
2023-01-29 20:00:00,2310.758400713487,0,0,0
2023-01-29 21:00:00,1751.6540553088419,0,0,0
2023-01-29 22:00:00,2288.7564850932813,0,0,0
2023-01-29 23:00:00,2529.2079017136202,0,0,0
2023-01-30 00:00:00,3373.65036571025,0,0,0
2023-01-30 01:00:00,3683.278528623467,0,0,0
2023-01-30 02:00:00,3368.24243238506,0,0,0
2023-01-30 03:00:00,3198.110100279035,0,0,0
2023-01-30 04:00:00,3516.7286322052532,0,0,0
2023-01-30 05:00:00,4308.992161017056,0,0,0
2023-01-30 06:00:00,2946.191266451312,0,0,0
2023-01-30 07:00:00,3035.9347548762244,0,0,0
2023-01-30 08:00:00,3424.719847014482,0,0,0
2023-01-30 09:00:00,3367.0136759508678,0,0,0
2023-01-30 10:00:00,3395.956558195066,0,0,0
2023-01-30 11:00:00,3453.3673888659023,0,0,0
2023-01-30 12:00:00,3792.4364133133217,0,0,0
2023-01-30 13:00:00,2960.9210549176564,0,0,0
2023-01-30 14:00:00,3155.5284090553037,0,0,0
2023-01-30 15:00:00,3289.12092318064,0,0,0
2023-01-30 16:00:00,3045.5441309672815,0,0,0
2023-01-30 17:00:00,3160.9189779489675,0,0,0
2023-01-30 18:00:00,3550.339478494815,0,0,0
2023-01-30 19:00:00,3288.3720477934075,0,0,0
2023-01-30 20:00:00,3061.9129884362233,0,0,0
2023-01-30 21:00:00,3385.895047780262,0,0,0
2023-01-30 22:00:00,3988.578868979739,0,0,0
2023-01-30 23:00:00,2882.3975133549416,0,0,0
2023-01-31 00:00:00,3211.7764139187875,0,0,0
2023-01-31 01:00:00,3630.03413059446,0,0,0
2023-01-31 02:00:00,4285.420969355108,0,0,0
2023-01-31 03:00:00,3852.6893941024314,0,0,0
2023-01-31 04:00:00,3326.881413689383,0,0,0
2023-01-31 05:00:00,3040.7686766699403,0,0,0
2023-01-31 06:00:00,2895.3583302048432,0,0,0
2023-01-31 07:00:00,3810.21543575798,0,0,0
2023-01-31 08:00:00,3312.3034975618893,0,0,0
2023-01-31 09:00:00,3838.0951403220874,0,0,0
2023-01-31 10:00:00,3295.4979141913973,0,0,0
2023-01-31 11:00:00,3684.0549659926187,0,0,0
2023-01-31 12:00:00,4202.071271129073,0,0,0
2023-01-31 13:00:00,3477.118397799383,0,0,0
2023-01-31 14:00:00,3723.732615467217,0,0,0
2023-01-31 15:00:00,3294.553644925199,0,0,0
2023-01-31 16:00:00,2617.900666025413,0,0,0
2023-01-31 17:00:00,4374.052613721064,0,0,0
2023-01-31 18:00:00,4012.0169722893515,0,0,0
2023-01-31 19:00:00,3045.75880681006,0,0,0
2023-01-31 20:00:00,2981.45427721745,0,0,0
2023-01-31 21:00:00,3455.887643283452,0,0,0
2023-01-31 22:00:00,3933.9470783909373,0,0,0
2023-01-31 23:00:00,4244.434608423278,0,0,0
2023-02-01 00:00:00,3534.0510412420463,0,0,0
2023-02-01 01:00:00,2738.6343580213706,0,0,0
2023-02-01 02:00:00,3175.5995783007093,0,0,0
2023-02-01 03:00:00,3668.4222610473876,0,0,0
2023-02-01 04:00:00,3509.4473528413523,0,0,0
2023-02-01 05:00:00,3654.7941879075474,0,0,0
2023-02-01 06:00:00,4598.033698237811,0,0,0
2023-02-01 07:00:00,4027.4469159834393,0,0,0
2023-02-01 08:00:00,3545.5214906704427,0,0,0
2023-02-01 09:00:00,3400.8462040933696,0,0,0
2023-02-01 10:00:00,4209.475534894991,0,0,0
2023-02-01 11:00:00,3906.200512102659,0,0,0
2023-02-01 12:00:00,3858.8676907813224,0,0,0
2023-02-01 13:00:00,4653.765936313879,0,0,0
2023-02-01 14:00:00,4110.4521126575355,0,0,0
2023-02-01 15:00:00,3969.1052052259283,0,0,0
2023-02-01 16:00:00,4229.651126531564,0,0,0
2023-02-01 17:00:00,3674.5515279656765,0,0,0
2023-02-01 18:00:00,2880.8860317803765,0,0,0
2023-02-01 19:00:00,4348.484545103927,0,0,0
2023-02-01 20:00:00,3540.66118340916,0,0,0
2023-02-01 21:00:00,3270.884084508436,0,0,0
2023-02-01 22:00:00,4491.914491158305,0,0,0
2023-02-01 23:00:00,4227.778610088992,0,0,0
2023-02-02 00:00:00,4183.184846929247,0,0,0
2023-02-02 01:00:00,3972.369400091789,0,0,0
2023-02-02 02:00:00,4283.132502156448,0,0,0
2023-02-02 03:00:00,4410.128525470125,0,0,0
2023-02-02 04:00:00,3676.638202918413,0,0,0
2023-02-02 05:00:00,3282.936498721548,0,0,0
2023-02-02 06:00:00,3517.0417084180217,0,0,0
2023-02-02 07:00:00,3531.0770011069444,0,0,0
2023-02-02 08:00:00,2896.536015089106,0,0,0
2023-02-02 09:00:00,3251.072155760591,0,0,0
2023-02-02 10:00:00,3637.6190531895445,0,0,0
2023-02-02 11:00:00,4681.273757746411,0,0,0
2023-02-02 12:00:00,4014.8753101314096,0,0,0
2023-02-02 13:00:00,3716.2426263975904,0,0,0
2023-02-02 14:00:00,3803.2846992799587,0,0,0
2023-02-02 15:00:00,3720.6153449679377,0,0,0
2023-02-02 16:00:00,3670.7337061721128,0,0,0
2023-02-02 17:00:00,3074.7413835897496,0,0,0
2023-02-02 18:00:00,4310.715427474197,0,0,0
2023-02-02 19:00:00,3719.70748414726,0,0,0
2023-02-02 20:00:00,3063.423519076414,0,0,0
2023-02-02 21:00:00,4074.6160063369616,0,0,0
2023-02-02 22:00:00,3843.864420001283,0,0,0
2023-02-02 23:00:00,2681.101082878985,0,0,0
2023-02-03 00:00:00,3190.9712527895554,0,0,0
2023-02-03 01:00:00,3484.015465014731,0,0,0
2023-02-03 02:00:00,3295.5206218734447,0,0,0
2023-02-03 03:00:00,3996.8869207859493,0,0,0
2023-02-03 04:00:00,3581.845269504899,0,0,0
2023-02-03 05:00:00,3539.674121665523,0,0,0
2023-02-03 06:00:00,2898.897290349994,0,0,0
2023-02-03 07:00:00,4006.3072438204326,0,0,0
2023-02-03 08:00:00,3745.8048229685096,0,0,0
2023-02-03 09:00:00,3551.0964714754327,0,0,0
2023-02-03 10:00:00,4061.877962649027,0,0,0
2023-02-03 11:00:00,3498.619628418674,0,0,0
2023-02-03 12:00:00,3459.529334059027,0,0,0
2023-02-03 13:00:00,3503.895666637016,0,0,0
2023-02-03 14:00:00,3733.935526491669,0,0,0
2023-02-03 15:00:00,3769.937298841558,0,0,0
2023-02-03 16:00:00,3627.0055555955046,0,0,0
2023-02-03 17:00:00,3840.7322182643543,0,0,0
2023-02-03 18:00:00,3978.0156683718465,0,0,0
2023-02-03 19:00:00,2934.3509711917195,0,0,0
2023-02-03 20:00:00,3301.55583496543,0,0,0
2023-02-03 21:00:00,3356.6543001489495,0,0,0
2023-02-03 22:00:00,3605.103332035479,0,0,0
2023-02-03 23:00:00,3518.0664989862357,0,0,0
2023-02-04 00:00:00,2259.966726031208,0,0,0
2023-02-04 01:00:00,2883.9695297568483,0,0,0
2023-02-04 02:00:00,3252.5290749747937,0,0,0
2023-02-04 03:00:00,2355.3734969419806,0,0,0
2023-02-04 04:00:00,2143.057147893292,0,0,0
2023-02-04 05:00:00,2405.4763905395766,0,0,0
2023-02-04 06:00:00,2708.715963910972,0,0,0
2023-02-04 07:00:00,2697.0425686518756,0,0,0
2023-02-04 08:00:00,2664.24895499086,0,0,0
2023-02-04 09:00:00,3529.393867136763,0,0,0
2023-02-04 10:00:00,2180.8734412879935,0,0,0
2023-02-04 11:00:00,2826.680824069739,0,0,0
2023-02-04 12:00:00,3125.704236828824,0,0,0
2023-02-04 13:00:00,2713.509209057832,0,0,0
2023-02-04 14:00:00,2468.429948880907,0,0,0
2023-02-04 15:00:00,3038.144466838587,0,0,0
2023-02-04 16:00:00,2741.135501595218,0,0,0
2023-02-04 17:00:00,2362.5896622528594,0,0,0
2023-02-04 18:00:00,2917.196763632533,0,0,0
2023-02-04 19:00:00,3300.6638007235656,0,0,0
2023-02-04 20:00:00,2752.8488576500504,0,0,0
2023-02-04 21:00:00,3274.474302507483,0,0,0
2023-02-04 22:00:00,2874.728279152842,0,0,0
2023-02-04 23:00:00,3359.951231932433,0,0,0
2023-02-05 00:00:00,2990.8714407503007,0,0,0
2023-02-05 01:00:00,2816.453443653234,0,0,0
2023-02-05 02:00:00,2864.548286798093,0,0,0
2023-02-05 03:00:00,3628.285741663814,0,0,0
2023-02-05 04:00:00,2834.604740546429,0,0,0
2023-02-05 05:00:00,2594.3314697830983,0,0,0
2023-02-05 06:00:00,3445.556535357749,0,0,0
2023-02-05 07:00:00,2966.1026172450875,0,0,0
2023-02-05 08:00:00,3071.577523625145,0,0,0
2023-02-05 09:00:00,3287.2120910571452,0,0,0
2023-02-05 10:00:00,2819.626407233688,0,0,0
2023-02-05 11:00:00,2944.102200984602,0,0,0
2023-02-05 12:00:00,3054.796807240728,0,0,0
2023-02-05 13:00:00,2624.5901132095955,0,0,0
2023-02-05 14:00:00,2413.983221768581,0,0,0
2023-02-05 15:00:00,2189.1718968486784,0,0,0
2023-02-05 16:00:00,3044.5086359144098,0,0,0
2023-02-05 17:00:00,2506.854611401215,0,0,0
2023-02-05 18:00:00,2218.853443539907,0,0,0
2023-02-05 19:00:00,2754.221739509254,0,0,0
2023-02-05 20:00:00,3218.756807098712,0,0,0
2023-02-05 21:00:00,2458.361963917321,0,0,0
2023-02-05 22:00:00,2620.4330394639765,0,0,0
2023-02-05 23:00:00,1995.8821451927718,0,0,0
2023-02-06 00:00:00,3484.0930502882297,0,0,0
2023-02-06 01:00:00,3344.576202308498,0,0,0
2023-02-06 02:00:00,3066.6888807778378,0,0,0
2023-02-06 03:00:00,2932.347262255451,0,0,0
2023-02-06 04:00:00,2677.295141701752,0,0,0
2023-02-06 05:00:00,4014.6007821717862,0,0,0
2023-02-06 06:00:00,2968.121045435289,0,0,0
2023-02-06 07:00:00,3148.076640528663,0,0,0
2023-02-06 08:00:00,3245.070229292568,0,0,0
2023-02-06 09:00:00,3921.6704343045244,0,0,0
2023-02-06 10:00:00,3549.031586336778,0,0,0
2023-02-06 11:00:00,3430.6113281254898,0,0,0
2023-02-06 12:00:00,3985.780295246044,0,0,0
2023-02-06 13:00:00,3467.6649322704693,0,0,0
2023-02-06 14:00:00,3522.709072154619,0,0,0
2023-02-06 15:00:00,2909.173774213004,0,0,0
2023-02-06 16:00:00,2794.031309023952,0,0,0
2023-02-06 17:00:00,2844.6728530781966,0,0,0
2023-02-06 18:00:00,3596.829807004877,0,0,0
2023-02-06 19:00:00,4024.7702979508376,0,0,0
2023-02-06 20:00:00,3577.851046319293,0,0,0
2023-02-06 21:00:00,2766.747167200757,0,0,0
2023-02-06 22:00:00,3069.956471701465,0,0,0
2023-02-06 23:00:00,3757.2303914337676,0,0,0
2023-02-07 00:00:00,3933.256708536066,0,0,0
2023-02-07 01:00:00,3516.8983770805044,0,0,0
2023-02-07 02:00:00,3722.7008869372858,0,0,0
2023-02-07 03:00:00,3185.3974412344023,0,0,0
2023-02-07 04:00:00,3749.114072799975,0,0,0
2023-02-07 05:00:00,3332.105660124748,0,0,0
2023-02-07 06:00:00,2958.5366386226924,0,0,0
2023-02-07 07:00:00,3201.2848346042074,0,0,0
2023-02-07 08:00:00,3023.589334775589,0,0,0
2023-02-07 09:00:00,3766.7915866593303,0,0,0
2023-02-07 10:00:00,3417.7025929749784,0,0,0
2023-02-07 11:00:00,3894.391790686361,0,0,0
2023-02-07 12:00:00,4371.665394824677,0,0,0
2023-02-07 13:00:00,3557.892274285992,0,0,0
2023-02-07 14:00:00,4832.290032773326,0,0,0
2023-02-07 15:00:00,3549.2455204027656,0,0,0
2023-02-07 16:00:00,3630.770361475251,0,0,0
2023-02-07 17:00:00,3698.102529383596,0,0,0
2023-02-07 18:00:00,3615.033409153162,0,0,0
2023-02-07 19:00:00,3331.708543467814,0,0,0
2023-02-07 20:00:00,4130.284188841819,0,0,0
2023-02-07 21:00:00,4032.8388228605772,0,0,0
2023-02-07 22:00:00,3413.111385591467,0,0,0
2023-02-07 23:00:00,4293.5839019566365,0,0,0
2023-02-08 00:00:00,4286.156497997837,0,0,0
2023-02-08 01:00:00,3793.4143113115038,0,0,0
2023-02-08 02:00:00,4081.5726127083276,0,0,0
2023-02-08 03:00:00,3953.9060062102103,0,0,0
2023-02-08 04:00:00,2779.2647724867875,0,0,0
2023-02-08 05:00:00,3590.3367246799135,0,0,0
2023-02-08 06:00:00,3881.068564669774,0,0,0
2023-02-08 07:00:00,3555.5348733017263,0,0,0
2023-02-08 08:00:00,3769.284325878823,0,0,0
2023-02-08 09:00:00,3832.6950377208045,0,0,0
2023-02-08 10:00:00,4658.742962100846,0,0,0
2023-02-08 11:00:00,3527.949980520241,0,0,0
2023-02-08 12:00:00,3795.1914380450507,0,0,0
2023-02-08 13:00:00,3513.3937659629114,0,0,0
2023-02-08 14:00:00,3813.5461921517544,0,0,0
2023-02-08 15:00:00,3916.7187672351765,0,0,0
2023-02-08 16:00:00,4434.02412865334,0,0,0
2023-02-08 17:00:00,4205.774689075906,0,0,0
2023-02-08 18:00:00,5052.844613202902,0,0,0
2023-02-08 19:00:00,3850.6239237234804,0,0,0
2023-02-08 20:00:00,4641.852393548017,0,0,0
2023-02-08 21:00:00,3169.425677836784,0,0,0
2023-02-08 22:00:00,3809.098474744025,0,0,0
2023-02-08 23:00:00,4174.317625232959,0,0,0
2023-02-09 00:00:00,4302.035263482964,0,0,1
2023-02-09 01:00:00,6225.923726714739,0,0,1
2023-02-09 02:00:00,7189.208462067838,0,0,1
2023-02-09 03:00:00,6512.806520694988,0,0,1
2023-02-09 04:00:00,7318.519782731817,0,0,1
2023-02-09 05:00:00,6575.910310364437,0,0,1
2023-02-09 06:00:00,5573.788610775611,0,0,1
2023-02-09 07:00:00,5392.517786380227,0,0,1
2023-02-09 08:00:00,4001.342778087401,0,0,1
2023-02-09 09:00:00,5670.467462070756,0,0,1
2023-02-09 10:00:00,3462.474449661232,0,0,1
2023-02-09 11:00:00,4375.181469510814,0,0,1
2023-02-09 12:00:00,6227.34062123697,0,0,1
2023-02-09 13:00:00,6748.134593859955,0,0,1
2023-02-09 14:00:00,5923.879065335389,0,0,1
2023-02-09 15:00:00,6121.034886770581,0,0,1
2023-02-09 16:00:00,7144.093650518603,0,0,1
2023-02-09 17:00:00,5641.662278391448,0,0,1
2023-02-09 18:00:00,7104.653608711408,0,0,1
2023-02-09 19:00:00,6022.043564814021,0,0,1
2023-02-09 20:00:00,5730.2984310264765,0,0,1
2023-02-09 21:00:00,6071.492390455178,0,0,1
2023-02-09 22:00:00,5882.104265806492,0,0,1
2023-02-09 23:00:00,3516.765288426487,0,0,1
2023-02-10 00:00:00,3924.8337581716555,0,0,1
2023-02-10 01:00:00,6580.506016814828,0,0,1
2023-02-10 02:00:00,5798.619776912866,0,0,1
2023-02-10 03:00:00,6852.323559607348,0,0,1
2023-02-10 04:00:00,5905.246273912551,0,0,1
2023-02-10 05:00:00,6645.1510987907095,0,0,1
2023-02-10 06:00:00,6084.874365145917,0,0,1
2023-02-10 07:00:00,5869.519821042363,0,0,1
2023-02-10 08:00:00,6118.099178403212,0,0,1
2023-02-10 09:00:00,6138.838436211985,0,0,1
2023-02-10 10:00:00,6075.862536598945,0,0,1
2023-02-10 11:00:00,4951.893290880852,0,0,1
2023-02-10 12:00:00,5551.503933288881,0,0,1
2023-02-10 13:00:00,6609.622271721611,0,0,1
2023-02-10 14:00:00,5649.558904887602,0,0,1
2023-02-10 15:00:00,5228.135207671499,0,0,1
2023-02-10 16:00:00,6831.004101740457,0,0,1
2023-02-10 17:00:00,6691.460315826364,0,0,1
2023-02-10 18:00:00,5239.662570373861,0,0,1
2023-02-10 19:00:00,6009.105072453268,0,0,1
2023-02-10 20:00:00,6059.486016974022,0,0,1
2023-02-10 21:00:00,6173.489807635379,0,0,1
2023-02-10 22:00:00,6460.687298739584,0,0,1
2023-02-10 23:00:00,3273.665800372303,0,0,1
2023-02-11 00:00:00,2861.6006689422334,0,0,1
2023-02-11 01:00:00,4934.3500017141805,0,0,1
2023-02-11 02:00:00,5107.041473408197,0,0,1
2023-02-11 03:00:00,5267.979186643492,0,0,1
2023-02-11 04:00:00,4767.1260903818775,0,0,1
2023-02-11 05:00:00,5263.32903880418,0,0,1
2023-02-11 06:00:00,4528.021152692438,0,0,1
2023-02-11 07:00:00,4483.577644691386,0,0,1
2023-02-11 08:00:00,4329.541214248058,0,0,1
2023-02-11 09:00:00,4773.9806834773235,0,0,1
2023-02-11 10:00:00,4440.565064872213,0,0,1
2023-02-11 11:00:00,4676.420246362123,0,0,1
2023-02-11 12:00:00,4822.578528583493,0,0,1
2023-02-11 13:00:00,4391.70168007471,0,0,1
2023-02-11 14:00:00,4244.7175651529915,0,0,1
2023-02-11 15:00:00,4255.1365379817535,0,0,1
2023-02-11 16:00:00,4459.352456234476,0,0,1
2023-02-11 17:00:00,4412.084510919846,0,0,1
2023-02-11 18:00:00,4492.414278420034,0,0,1
2023-02-11 19:00:00,4695.01974188752,0,0,1
2023-02-11 20:00:00,4169.95422159096,0,0,1
2023-02-11 21:00:00,4662.619824139851,0,0,1
2023-02-11 22:00:00,4475.4012683289675,0,0,1
2023-02-11 23:00:00,2256.6044853476596,0,0,1
2023-02-12 00:00:00,3198.750586562828,0,0,0
2023-02-12 01:00:00,2738.233217027176,0,0,0
2023-02-12 02:00:00,2494.0183308654337,0,0,0
2023-02-12 03:00:00,2636.8182635846315,0,0,0
2023-02-12 04:00:00,2698.8543683438925,0,0,0
2023-02-12 05:00:00,2814.4176897026327,0,0,0
2023-02-12 06:00:00,2467.012575582964,0,0,0
2023-02-12 07:00:00,2583.8621336502433,0,0,0
2023-02-12 08:00:00,2764.2451094938256,0,0,0
2023-02-12 09:00:00,3247.3647182551954,0,0,0
2023-02-12 10:00:00,2724.091193851951,0,0,0
2023-02-12 11:00:00,2793.429175614544,0,0,0
2023-02-12 12:00:00,2852.1830329445816,0,0,0
2023-02-12 13:00:00,2477.4307406532444,0,0,0
2023-02-12 14:00:00,2807.9433210956313,0,0,0
2023-02-12 15:00:00,2258.4532611016334,0,0,0
2023-02-12 16:00:00,2702.044726280291,0,0,0
2023-02-12 17:00:00,2840.8762350033007,0,0,0
2023-02-12 18:00:00,3237.1438955264334,0,0,0
2023-02-12 19:00:00,3285.592060071148,0,0,0
2023-02-12 20:00:00,2727.9388096640687,0,0,0
2023-02-12 21:00:00,2481.8299188133296,0,0,0
2023-02-12 22:00:00,2678.6716283083156,0,0,0
2023-02-12 23:00:00,2280.152616713885,0,0,0
2023-02-13 00:00:00,3584.0916633492834,0,0,0
2023-02-13 01:00:00,3782.101781653258,0,0,0
2023-02-13 02:00:00,2914.132112369964,0,0,0
2023-02-13 03:00:00,3321.7862191994827,0,0,0
2023-02-13 04:00:00,4040.650719751436,0,0,0
2023-02-13 05:00:00,2836.480231575683,0,0,0
2023-02-13 06:00:00,3839.044935425865,0,0,0
2023-02-13 07:00:00,4146.695471995413,0,0,0
2023-02-13 08:00:00,3699.816441492431,0,0,0
2023-02-13 09:00:00,3603.600251321758,0,0,0
2023-02-13 10:00:00,3583.2016592618816,0,0,0
2023-02-13 11:00:00,3535.4620769673297,0,0,0
2023-02-13 12:00:00,4274.12588736753,0,0,0
2023-02-13 13:00:00,3503.411661848602,0,0,0
2023-02-13 14:00:00,4372.014134598791,0,0,0
2023-02-13 15:00:00,3401.5542128670886,0,0,0
2023-02-13 16:00:00,3744.750464966841,0,0,0
2023-02-13 17:00:00,4315.301053688967,0,0,0
2023-02-13 18:00:00,6354.937486309682,0,0,0
2023-02-13 19:00:00,3225.405828436903,0,0,0
2023-02-13 20:00:00,4277.5946675661235,0,0,0
2023-02-13 21:00:00,3939.4103945788643,0,0,0
2023-02-13 22:00:00,3511.7806875020933,0,0,0
2023-02-13 23:00:00,4134.202637053737,0,0,0
2023-02-14 00:00:00,4219.182907187293,0,0,0
2023-02-14 01:00:00,3985.801352679092,0,0,0
2023-02-14 02:00:00,4633.399218831819,0,0,0
2023-02-14 03:00:00,3804.690756420362,0,0,0
2023-02-14 04:00:00,3756.213968100064,0,0,0
2023-02-14 05:00:00,3318.506104406289,0,0,0
2023-02-14 06:00:00,3879.9604461792833,0,0,0
2023-02-14 07:00:00,3160.411359911852,0,0,0
2023-02-14 08:00:00,4025.8047173252635,0,0,0
2023-02-14 09:00:00,3637.6635593405435,0,0,0
2023-02-14 10:00:00,3777.912766430641,0,0,0
2023-02-14 11:00:00,3808.0230834536765,0,0,0
2023-02-14 12:00:00,3263.027571615264,0,0,0
2023-02-14 13:00:00,3680.975626386993,0,0,0
2023-02-14 14:00:00,3144.113433360768,0,0,0
2023-02-14 15:00:00,3736.5913485887822,0,0,0
2023-02-14 16:00:00,3811.4177639294558,0,0,0
2023-02-14 17:00:00,4290.431320880969,0,0,0
2023-02-14 18:00:00,4352.698724094094,0,0,0
2023-02-14 19:00:00,3441.410005392271,0,0,0
2023-02-14 20:00:00,4370.933164462645,0,0,0
2023-02-14 21:00:00,3443.803306837459,0,0,0
2023-02-14 22:00:00,3272.3381062101744,0,0,0
2023-02-14 23:00:00,3746.463228776887,0,0,0
2023-02-15 00:00:00,3851.5436429773226,0,0,0
2023-02-15 01:00:00,3646.2935765128127,0,0,0
2023-02-15 02:00:00,3412.4708430163632,0,0,0
2023-02-15 03:00:00,3722.116877308966,0,0,0
2023-02-15 04:00:00,3540.113310945231,0,0,0
2023-02-15 05:00:00,4156.379804428189,0,0,0
2023-02-15 06:00:00,3303.2966049978786,0,0,0
2023-02-15 07:00:00,3326.9916770158866,0,0,0
2023-02-15 08:00:00,4159.080693765463,0,0,0
2023-02-15 09:00:00,4186.826854361947,0,0,0
2023-02-15 10:00:00,4351.715296359538,0,0,0
2023-02-15 11:00:00,3603.9263457727475,0,0,0
2023-02-15 12:00:00,4679.645244659512,0,0,0
2023-02-15 13:00:00,4598.9524828044005,0,0,0
2023-02-15 14:00:00,3671.459329726642,0,0,0
2023-02-15 15:00:00,4318.16563963446,0,0,0
2023-02-15 16:00:00,4291.000904327234,0,0,0
2023-02-15 17:00:00,4457.591412691825,0,0,0
2023-02-15 18:00:00,4186.723644251045,0,0,0
2023-02-15 19:00:00,3925.806862995326,0,0,0
2023-02-15 20:00:00,4500.142599863264,0,0,0
2023-02-15 21:00:00,3468.6577616489362,0,0,0
2023-02-15 22:00:00,3488.4153241679387,0,0,0
2023-02-15 23:00:00,3482.505178265089,0,0,0
2023-02-16 00:00:00,3368.9053466887317,0,0,0
2023-02-16 01:00:00,3873.681500738007,0,0,0
2023-02-16 02:00:00,3386.7775551296018,0,0,0
2023-02-16 03:00:00,4028.7522869575446,0,0,0
2023-02-16 04:00:00,3717.8376204012816,0,0,0
2023-02-16 05:00:00,3082.94418543497,0,0,0
2023-02-16 06:00:00,3394.3296864574722,0,0,0
2023-02-16 07:00:00,3589.2692311219125,0,0,0
2023-02-16 08:00:00,3351.6653442352103,0,0,0
2023-02-16 09:00:00,4311.639702211096,0,0,0
2023-02-16 10:00:00,3769.7393795506955,0,0,0
2023-02-16 11:00:00,3706.62796343729,0,0,0
2023-02-16 12:00:00,2955.1784309523646,0,0,0
2023-02-16 13:00:00,3823.763248187744,0,0,0
2023-02-16 14:00:00,3778.6246479896536,0,0,0
2023-02-16 15:00:00,3357.690381335495,0,0,0
2023-02-16 16:00:00,3419.8412873281322,0,0,0
2023-02-16 17:00:00,3753.3040634920726,0,0,0
2023-02-16 18:00:00,3857.373527210896,0,0,0
2023-02-16 19:00:00,4493.675754735476,0,0,0
2023-02-16 20:00:00,3826.3600027220887,0,0,0
2023-02-16 21:00:00,3897.7933816800887,0,0,0
2023-02-16 22:00:00,3108.3400287044537,0,0,0
2023-02-16 23:00:00,3110.5418516164195,0,0,0
2023-02-17 00:00:00,3510.4168558926017,0,0,0
2023-02-17 01:00:00,3566.3503112340777,0,0,0
2023-02-17 02:00:00,4691.376655539764,0,0,0
2023-02-17 03:00:00,4052.9429287480957,0,0,0
2023-02-17 04:00:00,4249.274888600353,0,0,0
2023-02-17 05:00:00,4147.115870941096,0,0,0
2023-02-17 06:00:00,4317.556896994568,0,0,0
2023-02-17 07:00:00,3814.796705786641,0,0,0
2023-02-17 08:00:00,4553.949329915272,0,0,0
2023-02-17 09:00:00,4908.955576121447,0,0,0
2023-02-17 10:00:00,3250.5906186105076,0,0,0
2023-02-17 11:00:00,3275.041170480706,0,0,0
2023-02-17 12:00:00,3707.611264686824,0,0,0
2023-02-17 13:00:00,3854.200014506316,0,0,0
2023-02-17 14:00:00,4745.00014527577,0,0,0
2023-02-17 15:00:00,4387.340203547046,0,0,0
2023-02-17 16:00:00,3892.7058927347693,0,0,0
2023-02-17 17:00:00,4525.270396856702,0,0,0
2023-02-17 18:00:00,3896.141661414772,0,0,0
2023-02-17 19:00:00,3846.7099651445146,0,0,0
2023-02-17 20:00:00,4096.9337084328145,0,0,0
2023-02-17 21:00:00,4252.883661836471,0,0,0
2023-02-17 22:00:00,3542.858549173419,0,0,0
2023-02-17 23:00:00,3487.830863660689,0,0,0
2023-02-18 00:00:00,2835.8078669606057,0,0,0
2023-02-18 01:00:00,3013.524095815747,0,0,0
2023-02-18 02:00:00,3662.4557119780006,0,0,0
2023-02-18 03:00:00,2148.654295268732,0,0,0
2023-02-18 04:00:00,2873.8400627237866,0,0,0
2023-02-18 05:00:00,2666.063401240848,0,0,0
2023-02-18 06:00:00,2567.490589698601,0,0,0
2023-02-18 07:00:00,2577.2958988456326,0,0,0
2023-02-18 08:00:00,1957.652188597414,0,0,0
2023-02-18 09:00:00,2299.338632937589,0,0,0
2023-02-18 10:00:00,2742.2370053131503,0,0,0
2023-02-18 11:00:00,3998.911018431508,0,0,0
2023-02-18 12:00:00,3542.885286530005,0,0,0
2023-02-18 13:00:00,3082.4067074379655,0,0,0
2023-02-18 14:00:00,2940.3815856978363,0,0,0
2023-02-18 15:00:00,2672.5646041420446,0,0,0
2023-02-18 16:00:00,3952.762616642222,0,0,0
2023-02-18 17:00:00,2681.015619331645,0,0,0
2023-02-18 18:00:00,2316.667270467609,0,0,0
2023-02-18 19:00:00,2631.178575118758,0,0,0
2023-02-18 20:00:00,2291.2586041091654,0,0,0
2023-02-18 21:00:00,2558.4335257192224,0,0,0
2023-02-18 22:00:00,2851.0027180025745,0,0,0
2023-02-18 23:00:00,3011.4012192221926,0,0,0
2023-02-19 00:00:00,2952.216322845391,0,0,0
2023-02-19 01:00:00,2355.110120903499,0,0,0
2023-02-19 02:00:00,3075.366544772661,0,0,0
2023-02-19 03:00:00,2738.2356176636254,0,0,0
2023-02-19 04:00:00,3359.1639183651127,0,0,0
2023-02-19 05:00:00,3205.0753266491256,0,0,0
2023-02-19 06:00:00,2179.477270071726,0,0,0
2023-02-19 07:00:00,2914.627866473085,0,0,0
2023-02-19 08:00:00,3244.7830296661878,0,0,0
2023-02-19 09:00:00,3015.6395236788007,0,0,0
2023-02-19 10:00:00,3313.7922077471626,0,0,0
2023-02-19 11:00:00,3274.3103295748247,0,0,0
2023-02-19 12:00:00,3501.169037771055,0,0,0
2023-02-19 13:00:00,3110.407924370613,0,0,0
2023-02-19 14:00:00,3549.151288856242,0,0,0
2023-02-19 15:00:00,3569.7216423499826,0,0,0
2023-02-19 16:00:00,3432.505263207295,0,0,0
2023-02-19 17:00:00,2256.6365303176376,0,0,0
2023-02-19 18:00:00,2459.984772800088,0,0,0
2023-02-19 19:00:00,2556.4027621097766,0,0,0
2023-02-19 20:00:00,2151.407216020378,0,0,0
2023-02-19 21:00:00,2203.1362785620267,0,0,0
2023-02-19 22:00:00,2605.214086998223,0,0,0
2023-02-19 23:00:00,2433.260854358579,0,0,0
2023-02-20 00:00:00,3213.7632356507766,0,0,1
2023-02-20 01:00:00,4530.732943169306,0,0,1
2023-02-20 02:00:00,4612.903604228331,0,0,1
2023-02-20 03:00:00,4651.609182313106,0,0,1
2023-02-20 04:00:00,5228.133759452113,0,0,1
2023-02-20 05:00:00,7333.572523432163,0,0,1
2023-02-20 06:00:00,6074.180887807131,0,0,1
2023-02-20 07:00:00,5794.064786802178,0,0,1
2023-02-20 08:00:00,5238.423694697943,0,0,1
2023-02-20 09:00:00,5635.717715452893,0,0,1
2023-02-20 10:00:00,5591.616783540755,0,0,1
2023-02-20 11:00:00,3632.8261767885465,0,0,1
2023-02-20 12:00:00,4965.743438027163,0,0,1
2023-02-20 13:00:00,4904.1889694447145,0,0,1
2023-02-20 14:00:00,4749.706942963319,0,0,1
2023-02-20 15:00:00,5089.32468071162,0,0,1
2023-02-20 16:00:00,6323.780888906568,0,0,1
2023-02-20 17:00:00,5264.386536729449,0,0,1
2023-02-20 18:00:00,5407.468436048153,0,0,1
2023-02-20 19:00:00,5882.435075889417,0,0,1
2023-02-20 20:00:00,5769.4651021691825,0,0,1
2023-02-20 21:00:00,5415.8599750105395,0,0,1
2023-02-20 22:00:00,5906.696063640661,0,0,1
2023-02-20 23:00:00,3980.8881848787673,0,0,1
2023-02-21 00:00:00,5801.415038907509,0,0,1
2023-02-21 01:00:00,6578.322476605055,0,0,1
2023-02-21 02:00:00,5750.257832197235,0,0,1
2023-02-21 03:00:00,4852.957777537959,0,0,1
2023-02-21 04:00:00,5301.4356142125625,0,0,1
2023-02-21 05:00:00,5179.600747795047,0,0,1
2023-02-21 06:00:00,5636.286929240935,0,0,1
2023-02-21 07:00:00,5971.310686039002,0,0,1
2023-02-21 08:00:00,5603.491065716457,0,0,1
2023-02-21 09:00:00,6154.099412626633,0,0,1
2023-02-21 10:00:00,6673.2515714370375,0,0,1
2023-02-21 11:00:00,6216.273364197719,0,0,1
2023-02-21 12:00:00,6045.507069236684,0,0,1
2023-02-21 13:00:00,7033.70148889338,0,0,1
2023-02-21 14:00:00,5534.415504808804,0,0,1
2023-02-21 15:00:00,7700.397050538885,0,0,1
2023-02-21 16:00:00,5814.635141318714,0,0,1
2023-02-21 17:00:00,6986.290279346662,0,0,1
2023-02-21 18:00:00,6188.599720807148,0,0,1
2023-02-21 19:00:00,5927.441808907418,0,0,1
2023-02-21 20:00:00,5400.096201361089,0,0,1
2023-02-21 21:00:00,5906.859995124899,0,0,1
2023-02-21 22:00:00,4958.330435786823,0,0,1
2023-02-21 23:00:00,3685.176824275805,0,0,1
2023-02-22 00:00:00,4008.2528442695443,0,0,1
2023-02-22 01:00:00,5525.8294855620425,0,0,1
2023-02-22 02:00:00,5432.916809582696,0,0,1
2023-02-22 03:00:00,5896.825489881934,0,0,1
2023-02-22 04:00:00,5820.854173786574,0,0,1
2023-02-22 05:00:00,6576.657271748244,0,0,1
2023-02-22 06:00:00,6639.76996397963,0,0,1
2023-02-22 07:00:00,7623.262341041113,0,0,1
2023-02-22 08:00:00,5738.752941088408,0,0,1
2023-02-22 09:00:00,6771.768698398084,0,0,1
2023-02-22 10:00:00,5481.445753217128,0,0,1
2023-02-22 11:00:00,6735.246418850012,0,0,1
2023-02-22 12:00:00,6181.776768700939,0,0,1
2023-02-22 13:00:00,6218.434161246724,0,0,1
2023-02-22 14:00:00,5603.291491541685,0,0,1
2023-02-22 15:00:00,5691.14570575058,0,0,1
2023-02-22 16:00:00,6647.3972779809565,0,0,1
2023-02-22 17:00:00,6608.423154051746,0,0,1
2023-02-22 18:00:00,6603.025264939901,0,0,1
2023-02-22 19:00:00,7315.808358378761,0,0,1
2023-02-22 20:00:00,7095.317825380857,0,0,1
2023-02-22 21:00:00,5743.057447518895,0,0,1
2023-02-22 22:00:00,5824.318496755998,0,0,1
2023-02-22 23:00:00,3839.2565031760255,0,0,1
2023-02-23 00:00:00,6828.107533748106,1,0,0
2023-02-23 01:00:00,6266.283695300721,1,0,0
2023-02-23 02:00:00,8055.8140196010245,1,0,0
2023-02-23 03:00:00,7127.053766066484,1,0,0
2023-02-23 04:00:00,7363.912290928809,1,0,0
2023-02-23 05:00:00,7488.516201796813,1,0,0
2023-02-23 06:00:00,5745.6499658460425,1,0,0
2023-02-23 07:00:00,5048.15817093625,1,0,0
2023-02-23 08:00:00,7656.497475186399,1,0,0
2023-02-23 09:00:00,6149.124503027916,1,0,0
2023-02-23 10:00:00,7055.052998178906,1,0,0
2023-02-23 11:00:00,6323.124986378144,1,0,0
2023-02-23 12:00:00,6046.822110165778,1,0,0
2023-02-23 13:00:00,8138.15827110805,1,0,0
2023-02-23 14:00:00,7481.729728436838,1,0,0
2023-02-23 15:00:00,7801.7731468546135,1,0,0
2023-02-23 16:00:00,6546.188593864566,1,0,0
2023-02-23 17:00:00,6804.49559834781,1,0,0
2023-02-23 18:00:00,5674.557538621734,1,0,0
2023-02-23 19:00:00,7562.149367814123,1,0,0
2023-02-23 20:00:00,8265.372737690537,1,0,0
2023-02-23 21:00:00,6066.03967532823,1,0,0
2023-02-23 22:00:00,6532.09022953883,1,0,0
2023-02-23 23:00:00,6030.183565726643,1,0,0
2023-02-24 00:00:00,6344.0999345339915,1,0,0
2023-02-24 01:00:00,5568.703085645204,1,0,0
2023-02-24 02:00:00,4988.654191696857,1,0,0
2023-02-24 03:00:00,6694.610366113132,1,0,0
2023-02-24 04:00:00,7853.846505478737,1,0,0
2023-02-24 05:00:00,6277.693030200315,1,0,0
2023-02-24 06:00:00,4525.984099315652,1,0,0
2023-02-24 07:00:00,6431.774295094546,1,0,0
2023-02-24 08:00:00,7032.511383833967,1,0,0
2023-02-24 09:00:00,5177.094744996571,1,0,0
2023-02-24 10:00:00,7608.31429537492,1,0,0
2023-02-24 11:00:00,6725.685971416053,1,0,0
2023-02-24 12:00:00,7836.427936615002,1,0,0
2023-02-24 13:00:00,7215.039718766274,1,0,0
2023-02-24 14:00:00,7038.816479877479,1,0,0
2023-02-24 15:00:00,7789.103374195034,1,0,0
2023-02-24 16:00:00,8195.506095106577,1,0,0
2023-02-24 17:00:00,6188.0391096786225,1,0,0
2023-02-24 18:00:00,7100.006395217686,1,0,0
2023-02-24 19:00:00,5599.887991347939,1,0,0
2023-02-24 20:00:00,7066.962099472076,1,0,0
2023-02-24 21:00:00,6259.737943500718,1,0,0
2023-02-24 22:00:00,6844.788965195058,1,0,0
2023-02-24 23:00:00,7070.382582932644,1,0,0
2023-02-25 00:00:00,2571.383748865386,0,0,0
2023-02-25 01:00:00,2834.1754065719824,0,0,0
2023-02-25 02:00:00,3384.9102226609157,0,0,0
2023-02-25 03:00:00,3292.375096152701,0,0,0
2023-02-25 04:00:00,2437.9661465425984,0,0,0
2023-02-25 05:00:00,3055.643652176905,0,0,0
2023-02-25 06:00:00,2788.0159195104115,0,0,0
2023-02-25 07:00:00,2292.6256122915406,0,0,0
2023-02-25 08:00:00,2531.6397246501583,0,0,0
2023-02-25 09:00:00,3046.366430850183,0,0,0
2023-02-25 10:00:00,2783.7566706610414,0,0,0
2023-02-25 11:00:00,3184.265753198773,0,0,0
2023-02-25 12:00:00,3405.125513956467,0,0,0
2023-02-25 13:00:00,3165.978571455346,0,0,0
2023-02-25 14:00:00,3113.224569336811,0,0,0
2023-02-25 15:00:00,3794.203689516198,0,0,0
2023-02-25 16:00:00,2797.284204004565,0,0,0
2023-02-25 17:00:00,3092.045019958513,0,0,0
2023-02-25 18:00:00,3111.309282174304,0,0,0
2023-02-25 19:00:00,3174.293892324107,0,0,0
2023-02-25 20:00:00,2853.2507595229044,0,0,0
2023-02-25 21:00:00,2502.9388675069526,0,0,0
2023-02-25 22:00:00,3414.186262294792,0,0,0
2023-02-25 23:00:00,2969.957410920767,0,0,0
2023-02-26 00:00:00,2563.5816545010057,0,0,1
2023-02-26 01:00:00,4700.975559532247,0,0,1
2023-02-26 02:00:00,4214.850103096882,0,0,1
2023-02-26 03:00:00,3952.2829395412764,0,0,1
2023-02-26 04:00:00,4272.927267456597,0,0,1
2023-02-26 05:00:00,3329.157966139221,0,0,1
2023-02-26 06:00:00,4809.130239126506,0,0,1
2023-02-26 07:00:00,5624.882877424503,0,0,1
2023-02-26 08:00:00,4526.291625524555,0,0,1
2023-02-26 09:00:00,4719.085462147886,0,0,1
2023-02-26 10:00:00,4505.810710790664,0,0,1
2023-02-26 11:00:00,4285.822333889251,0,0,1
2023-02-26 12:00:00,4424.285131319785,0,0,1
2023-02-26 13:00:00,4466.07988866504,0,0,1
2023-02-26 14:00:00,5525.209631401651,0,0,1
2023-02-26 15:00:00,4312.5183548361165,0,0,1
2023-02-26 16:00:00,5230.209024923318,0,0,1
2023-02-26 17:00:00,4518.300368742034,0,0,1
2023-02-26 18:00:00,4433.5001475653935,0,0,1
2023-02-26 19:00:00,3857.849764839636,0,0,1
2023-02-26 20:00:00,5254.99367599679,0,0,1
2023-02-26 21:00:00,4917.8319849433865,0,0,1
2023-02-26 22:00:00,4692.916976433816,0,0,1
2023-02-26 23:00:00,2371.5470724014176,0,0,1
2023-02-27 00:00:00,4318.230640043561,0,0,1
2023-02-27 01:00:00,6559.438976920776,0,0,1
2023-02-27 02:00:00,5397.638929681147,0,0,1
2023-02-27 03:00:00,6380.488871250882,0,0,1
2023-02-27 04:00:00,5845.838534557796,0,0,1
2023-02-27 05:00:00,6578.545752386671,0,0,1
2023-02-27 06:00:00,5755.131089041769,0,0,1
2023-02-27 07:00:00,5535.231329795288,0,0,1
2023-02-27 08:00:00,7768.774496949025,0,0,1
2023-02-27 09:00:00,6940.216793556981,0,0,1
2023-02-27 10:00:00,4485.7377194352375,0,0,1
2023-02-27 11:00:00,5290.253619662174,0,0,1
2023-02-27 12:00:00,6007.037675522367,0,0,1
2023-02-27 13:00:00,5072.549441211887,0,0,1
2023-02-27 14:00:00,6139.050079013271,0,0,1
2023-02-27 15:00:00,6927.90874977056,0,0,1
2023-02-27 16:00:00,5854.533533717819,0,0,1
2023-02-27 17:00:00,6948.779271869825,0,0,1
2023-02-27 18:00:00,5451.604236770918,0,0,1
2023-02-27 19:00:00,5797.613887416404,0,0,1
2023-02-27 20:00:00,7182.336290206573,0,0,1
2023-02-27 21:00:00,5073.993133574168,0,0,1
2023-02-27 22:00:00,6051.580982443883,0,0,1
2023-02-27 23:00:00,2653.891530340775,0,0,1
2023-02-28 00:00:00,4143.768101571776,0,0,1
2023-02-28 01:00:00,6082.599421160749,0,0,1
2023-02-28 02:00:00,5894.372021387541,0,0,1
2023-02-28 03:00:00,6680.9857656834265,0,0,1
2023-02-28 04:00:00,5476.901053762439,0,0,1
2023-02-28 05:00:00,7631.574651739547,0,0,1
2023-02-28 06:00:00,6892.85895447251,0,0,1
2023-02-28 07:00:00,6547.741065313632,0,0,1
2023-02-28 08:00:00,6421.654123556897,0,0,1
2023-02-28 09:00:00,5867.951764394216,0,0,1
2023-02-28 10:00:00,7562.6165040678725,0,0,1
2023-02-28 11:00:00,6581.170944868139,0,0,1
2023-02-28 12:00:00,6869.049303413648,0,0,1
2023-02-28 13:00:00,6171.281620621228,0,0,1
2023-02-28 14:00:00,7426.33629301527,0,0,1
2023-02-28 15:00:00,5858.754954529263,0,0,1
2023-02-28 16:00:00,7331.77823265205,0,0,1
2023-02-28 17:00:00,4974.134494606806,0,0,1
2023-02-28 18:00:00,6837.662084295464,0,0,1
2023-02-28 19:00:00,7515.8567406448565,0,0,1
2023-02-28 20:00:00,5242.0750392223,0,0,1
2023-02-28 21:00:00,6961.764866822119,0,0,1
2023-02-28 22:00:00,6577.026959244946,0,0,1
2023-02-28 23:00:00,4300.558617351818,0,0,1
2023-03-01 00:00:00,4331.882873096557,0,0,0
2023-03-01 01:00:00,4379.106360826305,0,0,0
2023-03-01 02:00:00,4004.6241141788687,0,0,0
2023-03-01 03:00:00,4340.637571623487,0,0,0
2023-03-01 04:00:00,4414.916485791146,0,0,0
2023-03-01 05:00:00,3852.6355082713085,0,0,0
2023-03-01 06:00:00,3666.390654175211,0,0,0
2023-03-01 07:00:00,4885.640066539326,0,0,0
2023-03-01 08:00:00,4893.444106885604,0,0,0
2023-03-01 09:00:00,4087.548410064507,0,0,0
2023-03-01 10:00:00,4200.279345007571,0,0,0
2023-03-01 11:00:00,4045.1473504228693,0,0,0
2023-03-01 12:00:00,3534.659892321924,0,0,0
2023-03-01 13:00:00,3678.634346443984,0,0,0
2023-03-01 14:00:00,3527.758454607994,0,0,0
2023-03-01 15:00:00,3886.7631690796943,0,0,0
2023-03-01 16:00:00,3818.7948767381035,0,0,0
2023-03-01 17:00:00,3831.3381373650195,0,0,0
2023-03-01 18:00:00,2675.5669348371684,0,0,0
2023-03-01 19:00:00,3034.416036018727,0,0,0
2023-03-01 20:00:00,4250.944795972075,0,0,0
2023-03-01 21:00:00,3907.3849386081242,0,0,0
2023-03-01 22:00:00,3626.2591402804605,0,0,0
2023-03-01 23:00:00,3695.904449272628,0,0,0
2023-03-02 00:00:00,4492.3691515834635,0,0,0
2023-03-02 01:00:00,4309.645548293614,0,0,0
2023-03-02 02:00:00,4177.495880927806,0,0,0
2023-03-02 03:00:00,5016.745630647752,0,0,0
2023-03-02 04:00:00,4501.800236610327,0,0,0
2023-03-02 05:00:00,4068.400653799943,0,0,0
2023-03-02 06:00:00,3901.3586607000448,0,0,0
2023-03-02 07:00:00,3519.726340297781,0,0,0
2023-03-02 08:00:00,3740.102334081262,0,0,0
2023-03-02 09:00:00,3595.5385499583226,0,0,0
2023-03-02 10:00:00,3471.552421023191,0,0,0
2023-03-02 11:00:00,3683.129202072526,0,0,0
2023-03-02 12:00:00,3161.432728678271,0,0,0
2023-03-02 13:00:00,4794.331004090436,0,0,0
2023-03-02 14:00:00,4188.960522496242,0,0,0
2023-03-02 15:00:00,4513.800428028141,0,0,0
2023-03-02 16:00:00,4028.8193588284403,0,0,0
2023-03-02 17:00:00,4337.288105307008,0,0,0
2023-03-02 18:00:00,3702.87011854948,0,0,0
2023-03-02 19:00:00,3930.8394871538535,0,0,0
2023-03-02 20:00:00,3890.124608210287,0,0,0
2023-03-02 21:00:00,4595.531301588764,0,0,0
2023-03-02 22:00:00,3855.9774193894964,0,0,0
2023-03-02 23:00:00,3639.5637539173104,0,0,0
2023-03-03 00:00:00,3399.434596259776,0,0,0
2023-03-03 01:00:00,2760.426099371933,0,0,0
2023-03-03 02:00:00,2885.774433058943,0,0,0
2023-03-03 03:00:00,3520.1769249683152,0,0,0
2023-03-03 04:00:00,4179.456194100633,0,0,0
2023-03-03 05:00:00,4158.989472263222,0,0,0
2023-03-03 06:00:00,3130.2066373569137,0,0,0
2023-03-03 07:00:00,3918.9602119538235,0,0,0
2023-03-03 08:00:00,3906.147917064873,0,0,0
2023-03-03 09:00:00,4300.656186193923,0,0,0
2023-03-03 10:00:00,2989.050060292842,0,0,0
2023-03-03 11:00:00,3576.009069405474,0,0,0
2023-03-03 12:00:00,4250.986190152622,0,0,0
2023-03-03 13:00:00,3968.123381403461,0,0,0
2023-03-03 14:00:00,3301.3601645004924,0,0,0
2023-03-03 15:00:00,3936.306964332012,0,0,0
2023-03-03 16:00:00,4121.505961307253,0,0,0
2023-03-03 17:00:00,4048.022067933926,0,0,0
2023-03-03 18:00:00,3449.467442723169,0,0,0
2023-03-03 19:00:00,4300.836423998124,0,0,0
2023-03-03 20:00:00,3546.668321885757,0,0,0
2023-03-03 21:00:00,4091.554225437482,0,0,0
2023-03-03 22:00:00,4133.4065973244415,0,0,0
2023-03-03 23:00:00,3866.829401600865,0,0,0
2023-03-04 00:00:00,3082.699470540462,0,0,0
2023-03-04 01:00:00,2928.345466437036,0,0,0
2023-03-04 02:00:00,2821.286109943195,0,0,0
2023-03-04 03:00:00,3039.839244847545,0,0,0
2023-03-04 04:00:00,2675.671994311328,0,0,0
2023-03-04 05:00:00,3274.2732247713334,0,0,0
2023-03-04 06:00:00,2488.7779323795107,0,0,0
2023-03-04 07:00:00,2804.3158838658755,0,0,0
2023-03-04 08:00:00,2444.1866855837943,0,0,0
2023-03-04 09:00:00,3206.8133093311417,0,0,0
2023-03-04 10:00:00,2818.758749244062,0,0,0
2023-03-04 11:00:00,2914.6837031707364,0,0,0
2023-03-04 12:00:00,2991.5288381730393,0,0,0
2023-03-04 13:00:00,2519.886897373176,0,0,0
2023-03-04 14:00:00,3017.8806535541025,0,0,0
2023-03-04 15:00:00,2037.3480094596268,0,0,0
2023-03-04 16:00:00,2891.4491276280623,0,0,0
2023-03-04 17:00:00,3438.077733763522,0,0,0
2023-03-04 18:00:00,2781.845065893421,0,0,0
2023-03-04 19:00:00,2880.8491240998987,0,0,0
2023-03-04 20:00:00,3130.4338013278875,0,0,0
2023-03-04 21:00:00,3304.2812147404,0,0,0
2023-03-04 22:00:00,2479.861100349939,0,0,0
2023-03-04 23:00:00,2375.87327547453,0,0,0
2023-03-05 00:00:00,2883.3652427477687,0,0,0
2023-03-05 01:00:00,2871.723027234378,0,0,0
2023-03-05 02:00:00,3374.0888534216188,0,0,0
2023-03-05 03:00:00,2965.878259168413,0,0,0
2023-03-05 04:00:00,2407.264762372518,0,0,0
2023-03-05 05:00:00,2643.2684806901466,0,0,0
2023-03-05 06:00:00,2100.0249327618185,0,0,0
2023-03-05 07:00:00,2934.22562739983,0,0,0
2023-03-05 08:00:00,2957.5413764969912,0,0,0
2023-03-05 09:00:00,2839.164696028742,0,0,0
2023-03-05 10:00:00,3349.0103671386773,0,0,0
2023-03-05 11:00:00,3521.620583896343,0,0,0
2023-03-05 12:00:00,3114.8233478777415,0,0,0
2023-03-05 13:00:00,2314.927487793422,0,0,0
2023-03-05 14:00:00,3398.0610306288345,0,0,0
2023-03-05 15:00:00,3417.668925274682,0,0,0
2023-03-05 16:00:00,3381.1207570516153,0,0,0
2023-03-05 17:00:00,3099.1684638611355,0,0,0
2023-03-05 18:00:00,2811.6096323204915,0,0,0
2023-03-05 19:00:00,3419.760035561089,0,0,0
2023-03-05 20:00:00,2719.3381259716816,0,0,0
2023-03-05 21:00:00,3221.5156616996346,0,0,0
2023-03-05 22:00:00,2238.81144133088,0,0,0
2023-03-05 23:00:00,2370.5380278717375,0,0,0
2023-03-06 00:00:00,3725.817496892036,0,0,0
2023-03-06 01:00:00,3199.9806644462924,0,0,0
2023-03-06 02:00:00,3665.2336142005156,0,0,0
2023-03-06 03:00:00,3956.95935417459,0,0,0
2023-03-06 04:00:00,3896.004962029353,0,0,0
2023-03-06 05:00:00,4383.113119721343,0,0,0
2023-03-06 06:00:00,4078.0695986079077,0,0,0
2023-03-06 07:00:00,3266.828834080254,0,0,0
2023-03-06 08:00:00,3636.4607926728663,0,0,0
2023-03-06 09:00:00,4049.0158303025496,0,0,0
2023-03-06 10:00:00,4036.4480057033056,0,0,0
2023-03-06 11:00:00,3355.80522123636,0,0,0
2023-03-06 12:00:00,3746.623061101923,0,0,0
2023-03-06 13:00:00,3455.50849239678,0,0,0
2023-03-06 14:00:00,3076.9637509435074,0,0,0
2023-03-06 15:00:00,3356.8041884470226,0,0,0
2023-03-06 16:00:00,3703.1466289176988,0,0,0
2023-03-06 17:00:00,4082.6276011432997,0,0,0
2023-03-06 18:00:00,4467.519927707949,0,0,0
2023-03-06 19:00:00,4378.81206643345,0,0,0
2023-03-06 20:00:00,3994.6526219176085,0,0,0
2023-03-06 21:00:00,3807.132440313335,0,0,0
2023-03-06 22:00:00,4454.043102869919,0,0,0
2023-03-06 23:00:00,3904.5018131835836,0,0,0
2023-03-07 00:00:00,3894.6975639877346,0,0,0
2023-03-07 01:00:00,3713.997666348787,0,0,0
2023-03-07 02:00:00,3850.9276393964915,0,0,0
2023-03-07 03:00:00,3471.966262315069,0,0,0
2023-03-07 04:00:00,4037.4776684885146,0,0,0
2023-03-07 05:00:00,4444.92433372283,0,0,0
2023-03-07 06:00:00,3439.144633512214,0,0,0
2023-03-07 07:00:00,3626.45526010615,0,0,0
2023-03-07 08:00:00,2979.7804936977996,0,0,0
2023-03-07 09:00:00,3498.5591457484957,0,0,0
2023-03-07 10:00:00,3519.8400429581784,0,0,0
2023-03-07 11:00:00,3334.331991189591,0,0,0
2023-03-07 12:00:00,3061.3984530960824,0,0,0
2023-03-07 13:00:00,3282.249183391158,0,0,0
2023-03-07 14:00:00,4397.650234158739,0,0,0
2023-03-07 15:00:00,3250.0279407259804,0,0,0
2023-03-07 16:00:00,3804.9886149526487,0,0,0
2023-03-07 17:00:00,4462.77786014713,0,0,0
2023-03-07 18:00:00,3792.9370706684026,0,0,0
2023-03-07 19:00:00,4072.7270090461807,0,0,0
2023-03-07 20:00:00,3170.0879017199136,0,0,0
2023-03-07 21:00:00,3905.9392879709308,0,0,0
2023-03-07 22:00:00,3979.63336136039,0,0,0
2023-03-07 23:00:00,3492.7000353945414,0,0,0
2023-03-08 00:00:00,7707.899208121636,1,0,0
2023-03-08 01:00:00,5993.900934315189,1,0,0
2023-03-08 02:00:00,6669.7020040312555,1,0,0
2023-03-08 03:00:00,5068.957491966008,1,0,0
2023-03-08 04:00:00,5777.434247202555,1,0,0
2023-03-08 05:00:00,6129.938367716278,1,0,0
2023-03-08 06:00:00,5638.8935245250495,1,0,0
2023-03-08 07:00:00,6315.946925446142,1,0,0
2023-03-08 08:00:00,6815.923253753218,1,0,0
2023-03-08 09:00:00,6262.415530916463,1,0,0
2023-03-08 10:00:00,6356.454008973169,1,0,0
2023-03-08 11:00:00,6259.060363107569,1,0,0
2023-03-08 12:00:00,6430.998038991424,1,0,0
2023-03-08 13:00:00,6769.409734394751,1,0,0
2023-03-08 14:00:00,8532.589877776334,1,0,0
2023-03-08 15:00:00,8302.171290825967,1,0,0
2023-03-08 16:00:00,6513.907251503577,1,0,0
2023-03-08 17:00:00,7093.861811820509,1,0,0
2023-03-08 18:00:00,8421.711678014948,1,0,0
2023-03-08 19:00:00,7754.973559498456,1,0,0
2023-03-08 20:00:00,8516.382243631215,1,0,0
2023-03-08 21:00:00,6490.310621352808,1,0,0
2023-03-08 22:00:00,6750.437720676519,1,0,0
2023-03-08 23:00:00,7079.903605053305,1,0,0
2023-03-09 00:00:00,3995.068665432486,0,0,0
2023-03-09 01:00:00,3902.9410306138147,0,0,0
2023-03-09 02:00:00,4082.6441623839514,0,0,0
2023-03-09 03:00:00,4128.314686441229,0,0,0
2023-03-09 04:00:00,4764.501243264825,0,0,0
2023-03-09 05:00:00,5444.63981494987,0,0,0
2023-03-09 06:00:00,3231.5865030227883,0,0,0
2023-03-09 07:00:00,3852.6243772917924,0,0,0
2023-03-09 08:00:00,3774.595126265263,0,0,0
2023-03-09 09:00:00,4048.349367118894,0,0,0
2023-03-09 10:00:00,3938.8720639544053,0,0,0
2023-03-09 11:00:00,4167.526586757996,0,0,0
2023-03-09 12:00:00,4223.906945646961,0,0,0
2023-03-09 13:00:00,3762.742998325354,0,0,0
2023-03-09 14:00:00,4327.527920495206,0,0,0
2023-03-09 15:00:00,3027.5650149087255,0,0,0
2023-03-09 16:00:00,4821.202856839379,0,0,0
2023-03-09 17:00:00,4882.675350009368,0,0,0
2023-03-09 18:00:00,5050.67526320947,0,0,0
2023-03-09 19:00:00,3597.059376295622,0,0,0
2023-03-09 20:00:00,3789.551197771186,0,0,0
2023-03-09 21:00:00,4721.286217152422,0,0,0
2023-03-09 22:00:00,4083.9544289300256,0,0,0
2023-03-09 23:00:00,4216.135351897144,0,0,0
2023-03-10 00:00:00,5083.1010406760615,0,0,0
2023-03-10 01:00:00,3635.6264845834867,0,0,0
2023-03-10 02:00:00,4333.5563222995925,0,0,0
2023-03-10 03:00:00,3617.8742472054187,0,0,0
2023-03-10 04:00:00,3502.487771803432,0,0,0
2023-03-10 05:00:00,3332.8091853865626,0,0,0
2023-03-10 06:00:00,4145.641100386676,0,0,0
2023-03-10 07:00:00,2607.4137575425057,0,0,0
2023-03-10 08:00:00,4183.188005835946,0,0,0
2023-03-10 09:00:00,3481.3343076248925,0,0,0
2023-03-10 10:00:00,4212.63690936974,0,0,0
2023-03-10 11:00:00,4174.987626870387,0,0,0
2023-03-10 12:00:00,4182.279465997238,0,0,0
2023-03-10 13:00:00,3879.754406393971,0,0,0
2023-03-10 14:00:00,3835.2553793705843,0,0,0
2023-03-10 15:00:00,3843.559965557428,0,0,0
2023-03-10 16:00:00,4722.755764189783,0,0,0
2023-03-10 17:00:00,4171.992492799979,0,0,0
2023-03-10 18:00:00,3328.7699787363476,0,0,0
2023-03-10 19:00:00,3902.8936084408006,0,0,0
2023-03-10 20:00:00,3642.599247857875,0,0,0
2023-03-10 21:00:00,4397.257658741853,0,0,0
2023-03-10 22:00:00,3497.41274338348,0,0,0
2023-03-10 23:00:00,3885.755590519898,0,0,0
2023-03-11 00:00:00,3392.5992616929875,0,0,0
2023-03-11 01:00:00,3780.690395921499,0,0,0
2023-03-11 02:00:00,2832.783713566737,0,0,0
2023-03-11 03:00:00,3411.577178149306,0,0,0
2023-03-11 04:00:00,3684.297249839084,0,0,0
2023-03-11 05:00:00,3349.9237466925247,0,0,0
2023-03-11 06:00:00,2665.3741660278,0,0,0
2023-03-11 07:00:00,2907.84190201043,0,0,0
2023-03-11 08:00:00,3087.3036945049,0,0,0
2023-03-11 09:00:00,3191.2294098274847,0,0,0
2023-03-11 10:00:00,3205.8976352107575,0,0,0
2023-03-11 11:00:00,3217.688010251633,0,0,0
2023-03-11 12:00:00,2457.867176858255,0,0,0
2023-03-11 13:00:00,3143.612174669181,0,0,0
2023-03-11 14:00:00,3287.742841319317,0,0,0
2023-03-11 15:00:00,2924.689434008913,0,0,0
2023-03-11 16:00:00,2600.180775665409,0,0,0
2023-03-11 17:00:00,3083.4368565495374,0,0,0
2023-03-11 18:00:00,3219.4977184101635,0,0,0
2023-03-11 19:00:00,2889.452086240406,0,0,0
2023-03-11 20:00:00,3031.4074822568373,0,0,0
2023-03-11 21:00:00,2683.399107069585,0,0,0
2023-03-11 22:00:00,2764.783162574,0,0,0
2023-03-11 23:00:00,3022.4268202976473,0,0,0
2023-03-12 00:00:00,3730.1564555826417,0,0,0
2023-03-12 01:00:00,3338.601419683482,0,0,0
2023-03-12 02:00:00,3781.3938425365636,0,0,0
2023-03-12 03:00:00,3174.2291927620063,0,0,0
2023-03-12 04:00:00,3562.2391237822585,0,0,0
2023-03-12 05:00:00,3770.4230818907367,0,0,0
2023-03-12 06:00:00,3513.6619023174253,0,0,0
2023-03-12 07:00:00,2869.740739055289,0,0,0
2023-03-12 08:00:00,2418.5156936498943,0,0,0
2023-03-12 09:00:00,2576.0349064987945,0,0,0
2023-03-12 10:00:00,2467.4726686814984,0,0,0
2023-03-12 11:00:00,2399.531223177071,0,0,0
2023-03-12 12:00:00,2888.702538368067,0,0,0
2023-03-12 13:00:00,2440.0490557791895,0,0,0
2023-03-12 14:00:00,3552.814649606099,0,0,0
2023-03-12 15:00:00,2388.9016148810865,0,0,0
2023-03-12 16:00:00,3398.592446274796,0,0,0
2023-03-12 17:00:00,2671.2039563141757,0,0,0
2023-03-12 18:00:00,2701.467583666341,0,0,0
2023-03-12 19:00:00,3119.6131628482653,0,0,0
2023-03-12 20:00:00,2131.4334191551907,0,0,0
2023-03-12 21:00:00,3045.2577996764485,0,0,0
2023-03-12 22:00:00,3569.3942354145897,0,0,0
2023-03-12 23:00:00,3066.661374306457,0,0,0
2023-03-13 00:00:00,4436.297044415984,0,0,0
2023-03-13 01:00:00,4940.852540076651,0,0,0
2023-03-13 02:00:00,4484.01695720418,0,0,0
2023-03-13 03:00:00,4214.4530476962045,0,0,0
2023-03-13 04:00:00,3240.93245300111,0,0,0
2023-03-13 05:00:00,3390.577436802917,0,0,0
2023-03-13 06:00:00,3641.818734366776,0,0,0
2023-03-13 07:00:00,3307.6378777984587,0,0,0
2023-03-13 08:00:00,3666.989425843774,0,0,0
2023-03-13 09:00:00,3758.1369873143817,0,0,0
2023-03-13 10:00:00,3195.585197606504,0,0,0
2023-03-13 11:00:00,3406.135144635928,0,0,0
2023-03-13 12:00:00,3513.1279426194615,0,0,0
2023-03-13 13:00:00,4710.222149185033,0,0,0
2023-03-13 14:00:00,3279.8247584956393,0,0,0
2023-03-13 15:00:00,3426.3753582877985,0,0,0
2023-03-13 16:00:00,4949.2250662913975,0,0,0
2023-03-13 17:00:00,4011.15694319526,0,0,0
2023-03-13 18:00:00,4262.392926964043,0,0,0
2023-03-13 19:00:00,3694.53526122702,0,0,0
2023-03-13 20:00:00,3422.117298825273,0,0,0
2023-03-13 21:00:00,4003.1058489805405,0,0,0
2023-03-13 22:00:00,4030.761918552329,0,0,0
2023-03-13 23:00:00,3664.943491796251,0,0,0
2023-03-14 00:00:00,3900.353529567378,0,0,0
2023-03-14 01:00:00,3607.947779406139,0,0,0
2023-03-14 02:00:00,2945.064370610655,0,0,0
2023-03-14 03:00:00,2944.2403014434167,0,0,0
2023-03-14 04:00:00,3971.8462075778716,0,0,0
2023-03-14 05:00:00,3171.675754939117,0,0,0
2023-03-14 06:00:00,3351.7165491868673,0,0,0
2023-03-14 07:00:00,3766.7478073390653,0,0,0
2023-03-14 08:00:00,4086.8520608015288,0,0,0
2023-03-14 09:00:00,3840.3148744378777,0,0,0
2023-03-14 10:00:00,4852.008829924677,0,0,0
2023-03-14 11:00:00,4218.749177806686,0,0,0
2023-03-14 12:00:00,3476.6710191867937,0,0,0
2023-03-14 13:00:00,4301.259482877711,0,0,0
2023-03-14 14:00:00,3314.0849198378132,0,0,0
2023-03-14 15:00:00,3987.8055008355955,0,0,0
2023-03-14 16:00:00,4190.12871972437,0,0,0
2023-03-14 17:00:00,3681.8811196164174,0,0,0
2023-03-14 18:00:00,4230.317226446225,0,0,0
2023-03-14 19:00:00,2782.2428510391246,0,0,0
2023-03-14 20:00:00,4027.8106726529873,0,0,0
2023-03-14 21:00:00,4245.1914555211615,0,0,0
2023-03-14 22:00:00,4463.220538581075,0,0,0
2023-03-14 23:00:00,4215.089606774205,0,0,0
2023-03-15 00:00:00,4111.746243669056,0,0,0
2023-03-15 01:00:00,4632.623748353861,0,0,0
2023-03-15 02:00:00,5201.607953408035,0,0,0
2023-03-15 03:00:00,3317.3215284688804,0,0,0
2023-03-15 04:00:00,3843.70323800984,0,0,0
2023-03-15 05:00:00,3726.801034933168,0,0,0
2023-03-15 06:00:00,3693.1394392091142,0,0,0
2023-03-15 07:00:00,3640.035178750307,0,0,0
2023-03-15 08:00:00,2937.81115641421,0,0,0
2023-03-15 09:00:00,3665.0421213440763,0,0,0
2023-03-15 10:00:00,4046.0430043339265,0,0,0
2023-03-15 11:00:00,3850.8238649557647,0,0,0
2023-03-15 12:00:00,4611.389323844581,0,0,0
2023-03-15 13:00:00,3673.111226863842,0,0,0
2023-03-15 14:00:00,4941.456341841274,0,0,0
2023-03-15 15:00:00,3251.941209243776,0,0,0
2023-03-15 16:00:00,3581.239002924397,0,0,0
2023-03-15 17:00:00,3271.5820166701633,0,0,0
2023-03-15 18:00:00,4813.692830511353,0,0,0
2023-03-15 19:00:00,4814.883304986585,0,0,0
2023-03-15 20:00:00,4330.535459701813,0,0,0
2023-03-15 21:00:00,3635.299720910318,0,0,0
2023-03-15 22:00:00,4421.415391501338,0,0,0
2023-03-15 23:00:00,3717.239900078099,0,0,0
2023-03-16 00:00:00,4802.563362053801,0,0,0
2023-03-16 01:00:00,4634.553746017308,0,0,0
2023-03-16 02:00:00,4466.1397426108515,0,0,0
2023-03-16 03:00:00,3468.0107565080893,0,0,0
2023-03-16 04:00:00,3661.161553608322,0,0,0
2023-03-16 05:00:00,4041.281063784503,0,0,0
2023-03-16 06:00:00,4423.980781330343,0,0,0
2023-03-16 07:00:00,4380.727904900878,0,0,0
2023-03-16 08:00:00,3324.030535904143,0,0,0
2023-03-16 09:00:00,3891.5777207657807,0,0,0
2023-03-16 10:00:00,4481.804710707175,0,0,0
2023-03-16 11:00:00,3064.405733766536,0,0,0
2023-03-16 12:00:00,3773.670263107754,0,0,0
2023-03-16 13:00:00,4166.459695344464,0,0,0
2023-03-16 14:00:00,3550.7923753667346,0,0,0
2023-03-16 15:00:00,2984.557175975515,0,0,0
2023-03-16 16:00:00,3660.8404509361408,0,0,0
2023-03-16 17:00:00,3810.632212870314,0,0,0
2023-03-16 18:00:00,4386.071120755238,0,0,0
2023-03-16 19:00:00,3967.762933574833,0,0,0
2023-03-16 20:00:00,3890.303627257694,0,0,0
2023-03-16 21:00:00,4113.7926537027015,0,0,0
2023-03-16 22:00:00,4056.7378385159454,0,0,0
2023-03-16 23:00:00,3893.974754639907,0,0,0
2023-03-17 00:00:00,3984.2567729015336,0,0,0
2023-03-17 01:00:00,3966.5835933554968,0,0,0
2023-03-17 02:00:00,2945.6034897606405,0,0,0
2023-03-17 03:00:00,4142.791553517668,0,0,0
2023-03-17 04:00:00,3789.1148727126556,0,0,0
2023-03-17 05:00:00,3814.279976897156,0,0,0
2023-03-17 06:00:00,4360.923049439918,0,0,0
2023-03-17 07:00:00,2752.179682877307,0,0,0
2023-03-17 08:00:00,2907.099633960068,0,0,0
2023-03-17 09:00:00,3518.5230905210824,0,0,0
2023-03-17 10:00:00,4066.029900846963,0,0,0
2023-03-17 11:00:00,4319.072777844919,0,0,0
2023-03-17 12:00:00,4220.277433109122,0,0,0
2023-03-17 13:00:00,4834.805629408548,0,0,0
2023-03-17 14:00:00,4594.319730575701,0,0,0
2023-03-17 15:00:00,4858.611549584698,0,0,0
2023-03-17 16:00:00,3753.146023442705,0,0,0
2023-03-17 17:00:00,3656.7438921426624,0,0,0
2023-03-17 18:00:00,4548.269349464942,0,0,0
2023-03-17 19:00:00,4819.741283231907,0,0,0
2023-03-17 20:00:00,3941.2846547665695,0,0,0
2023-03-17 21:00:00,3385.7815395324424,0,0,0
2023-03-17 22:00:00,4259.568610208956,0,0,0
2023-03-17 23:00:00,4446.070463731053,0,0,0
2023-03-18 00:00:00,3183.5884088509856,0,0,0
2023-03-18 01:00:00,2754.7883299301493,0,0,0
2023-03-18 02:00:00,3170.304191886065,0,0,0
2023-03-18 03:00:00,3701.8946114413106,0,0,0
2023-03-18 04:00:00,3103.463562979355,0,0,0
2023-03-18 05:00:00,2633.4469784072276,0,0,0
2023-03-18 06:00:00,3081.2735238681917,0,0,0
2023-03-18 07:00:00,2898.1341555121626,0,0,0
2023-03-18 08:00:00,3291.7709380442216,0,0,0
2023-03-18 09:00:00,2827.936379401747,0,0,0
2023-03-18 10:00:00,3056.6667302366686,0,0,0
2023-03-18 11:00:00,3750.0542074740597,0,0,0
2023-03-18 12:00:00,2687.9009324195376,0,0,0
2023-03-18 13:00:00,2855.871065439264,0,0,0
2023-03-18 14:00:00,2769.5195433841377,0,0,0
2023-03-18 15:00:00,3475.5488079874453,0,0,0
2023-03-18 16:00:00,2629.590623167057,0,0,0
2023-03-18 17:00:00,3112.146637953674,0,0,0
2023-03-18 18:00:00,2748.18357970522,0,0,0
2023-03-18 19:00:00,3255.278942374531,0,0,0
2023-03-18 20:00:00,2814.2932880369676,0,0,0
2023-03-18 21:00:00,3064.8069556698583,0,0,0
2023-03-18 22:00:00,3283.9121473866257,0,0,0
2023-03-18 23:00:00,2998.3257661566254,0,0,0
2023-03-19 00:00:00,3268.0491160767756,0,0,0
2023-03-19 01:00:00,3092.350600783002,0,0,0
2023-03-19 02:00:00,3427.5870291220467,0,0,0
2023-03-19 03:00:00,3480.9474914855055,0,0,0
2023-03-19 04:00:00,3044.7234720000097,0,0,0
2023-03-19 05:00:00,3137.679240323119,0,0,0
2023-03-19 06:00:00,3767.1789199104237,0,0,0
2023-03-19 07:00:00,3276.225123672545,0,0,0
2023-03-19 08:00:00,2636.526896410189,0,0,0
2023-03-19 09:00:00,3454.6266870497475,0,0,0
2023-03-19 10:00:00,2636.53644549347,0,0,0
2023-03-19 11:00:00,3992.092660509848,0,0,0
2023-03-19 12:00:00,2923.9963055986236,0,0,0
2023-03-19 13:00:00,3011.4071254270325,0,0,0
2023-03-19 14:00:00,3423.3074686124446,0,0,0
2023-03-19 15:00:00,2749.340152911715,0,0,0
2023-03-19 16:00:00,3343.4091461461403,0,0,0
2023-03-19 17:00:00,3019.570687133267,0,0,0
2023-03-19 18:00:00,2995.248088348274,0,0,0
2023-03-19 19:00:00,3070.180085131645,0,0,0
2023-03-19 20:00:00,2823.2541599069864,0,0,0
2023-03-19 21:00:00,2811.5654031133477,0,0,0
2023-03-19 22:00:00,2652.8696947854223,0,0,0
2023-03-19 23:00:00,3098.8468414035488,0,0,0
2023-03-20 00:00:00,3358.1104089318355,0,0,0
2023-03-20 01:00:00,4367.879517618815,0,0,0
2023-03-20 02:00:00,5435.307463344136,0,0,0
2023-03-20 03:00:00,4833.180699955289,0,0,0
2023-03-20 04:00:00,3757.3452604386234,0,0,0
2023-03-20 05:00:00,4776.49410353311,0,0,0
2023-03-20 06:00:00,5163.160484789136,0,0,0
2023-03-20 07:00:00,3956.863616352137,0,0,0
2023-03-20 08:00:00,4185.30534054277,0,0,0
2023-03-20 09:00:00,3234.7225371586696,0,0,0
2023-03-20 10:00:00,4101.248738741884,0,0,0
2023-03-20 11:00:00,3622.9483155944713,0,0,0
2023-03-20 12:00:00,4099.949641154299,0,0,0
2023-03-20 13:00:00,3410.1385413041144,0,0,0
2023-03-20 14:00:00,3968.467427773633,0,0,0
2023-03-20 15:00:00,4549.164813057702,0,0,0
2023-03-20 16:00:00,4285.557164891622,0,0,0
2023-03-20 17:00:00,3281.560229078407,0,0,0
2023-03-20 18:00:00,2914.225619535637,0,0,0
2023-03-20 19:00:00,4124.372733552997,0,0,0
2023-03-20 20:00:00,4088.569225631949,0,0,0
2023-03-20 21:00:00,3745.18846837042,0,0,0
2023-03-20 22:00:00,4839.03747417896,0,0,0
2023-03-20 23:00:00,4047.5702336928002,0,0,0
2023-03-21 00:00:00,4225.756758509607,0,1,0
2023-03-21 01:00:00,8005.131216485844,0,1,0
2023-03-21 02:00:00,8297.407476094093,0,1,0
2023-03-21 03:00:00,8712.609220784918,0,1,0
2023-03-21 04:00:00,8179.1304510701075,0,1,0
2023-03-21 05:00:00,8820.83759302679,0,1,0
2023-03-21 06:00:00,7187.887649995394,0,1,0
2023-03-21 07:00:00,8200.560147998982,0,1,0
2023-03-21 08:00:00,8023.909740366847,0,1,0
2023-03-21 09:00:00,7464.938076384556,0,1,0
2023-03-21 10:00:00,8129.0331928562155,0,1,0
2023-03-21 11:00:00,7623.829197280271,0,1,0
2023-03-21 12:00:00,10187.334773625844,0,1,0
2023-03-21 13:00:00,10741.236172320054,0,1,0
2023-03-21 14:00:00,6853.5520842868045,0,1,0
2023-03-21 15:00:00,9425.665063788254,0,1,0
2023-03-21 16:00:00,5484.095015374177,0,1,0
2023-03-21 17:00:00,6833.610094499377,0,1,0
2023-03-21 18:00:00,8902.080033695152,0,1,0
2023-03-21 19:00:00,8738.073934652874,0,1,0
2023-03-21 20:00:00,6783.687991957029,0,1,0
2023-03-21 21:00:00,7239.366104908205,0,1,0
2023-03-21 22:00:00,9476.679785277278,0,1,0
2023-03-21 23:00:00,3460.894622472836,0,1,0
2023-03-22 00:00:00,4907.961763169035,0,1,0
2023-03-22 01:00:00,8436.659698261548,0,1,0
2023-03-22 02:00:00,7275.81743208531,0,1,0
2023-03-22 03:00:00,7898.883606256138,0,1,0
2023-03-22 04:00:00,7160.5411188470825,0,1,0
2023-03-22 05:00:00,8980.726738876132,0,1,0
2023-03-22 06:00:00,8757.186994940057,0,1,0
2023-03-22 07:00:00,7261.676383720898,0,1,0
2023-03-22 08:00:00,8320.12913724912,0,1,0
2023-03-22 09:00:00,7855.417451152897,0,1,0
2023-03-22 10:00:00,9329.628925913321,0,1,0
2023-03-22 11:00:00,7131.941827405399,0,1,0
2023-03-22 12:00:00,10447.553701635032,0,1,0
2023-03-22 13:00:00,8443.900597552065,0,1,0
2023-03-22 14:00:00,8512.41220206126,0,1,0
2023-03-22 15:00:00,7848.519591799665,0,1,0
2023-03-22 16:00:00,8473.918312246138,0,1,0
2023-03-22 17:00:00,7545.242755087016,0,1,0
2023-03-22 18:00:00,8485.95711414678,0,1,0
2023-03-22 19:00:00,6499.557846536452,0,1,0
2023-03-22 20:00:00,5854.679599829062,0,1,0
2023-03-22 21:00:00,7230.81789427301,0,1,0
2023-03-22 22:00:00,6186.070311183557,0,1,0
2023-03-22 23:00:00,3882.2441021408504,0,1,0
2023-03-23 00:00:00,3269.839191400888,0,1,0
2023-03-23 01:00:00,7302.01974586156,0,1,0
2023-03-23 02:00:00,8832.49663936254,0,1,0
2023-03-23 03:00:00,7353.682208702392,0,1,0
2023-03-23 04:00:00,8177.150910179816,0,1,0
2023-03-23 05:00:00,6028.212209613072,0,1,0
2023-03-23 06:00:00,7846.760824162082,0,1,0
2023-03-23 07:00:00,8369.550958595839,0,1,0
2023-03-23 08:00:00,9143.962192110086,0,1,0
2023-03-23 09:00:00,10145.872446812802,0,1,0
2023-03-23 10:00:00,6986.173354928051,0,1,0
2023-03-23 11:00:00,8271.776495171209,0,1,0
2023-03-23 12:00:00,7688.261815538834,0,1,0
2023-03-23 13:00:00,8759.633404561064,0,1,0
2023-03-23 14:00:00,7592.689157929496,0,1,0
2023-03-23 15:00:00,8175.379734694031,0,1,0
2023-03-23 16:00:00,8110.241778519541,0,1,0
2023-03-23 17:00:00,7759.829662330831,0,1,0
2023-03-23 18:00:00,9005.998263296213,0,1,0
2023-03-23 19:00:00,8347.54994475826,0,1,0
2023-03-23 20:00:00,8432.077602529358,0,1,0
2023-03-23 21:00:00,7467.2303216304545,0,1,0
2023-03-23 22:00:00,9344.814202393609,0,1,0
2023-03-23 23:00:00,3823.6611417786685,0,1,0
2023-03-24 00:00:00,4201.528221434082,0,0,0
2023-03-24 01:00:00,4199.378763048122,0,0,0
2023-03-24 02:00:00,4154.050647628767,0,0,0
2023-03-24 03:00:00,3635.1211149261353,0,0,0
2023-03-24 04:00:00,4285.633139197069,0,0,0
2023-03-24 05:00:00,3263.0684323279343,0,0,0
2023-03-24 06:00:00,4248.938918610035,0,0,0
2023-03-24 07:00:00,5182.54568807817,0,0,0
2023-03-24 08:00:00,4118.633126262459,0,0,0
2023-03-24 09:00:00,3727.8408217217434,0,0,0
2023-03-24 10:00:00,3951.337762606795,0,0,0
2023-03-24 11:00:00,4378.108610270071,0,0,0
2023-03-24 12:00:00,4309.381711012494,0,0,0
2023-03-24 13:00:00,4259.90837596272,0,0,0
2023-03-24 14:00:00,4488.1739063079895,0,0,0
2023-03-24 15:00:00,4110.974969155094,0,0,0
2023-03-24 16:00:00,3859.2323037996107,0,0,0
2023-03-24 17:00:00,3936.6036567533397,0,0,0
2023-03-24 18:00:00,3656.6150887594213,0,0,0
2023-03-24 19:00:00,3684.182033492416,0,0,0
2023-03-24 20:00:00,4109.500789244025,0,0,0
2023-03-24 21:00:00,3936.6988149109015,0,0,0
2023-03-24 22:00:00,4228.090889846342,0,0,0
2023-03-24 23:00:00,4170.3909607515325,0,0,0
2023-03-25 00:00:00,3015.4878628519423,0,0,1
2023-03-25 01:00:00,4541.577353314036,0,0,1
2023-03-25 02:00:00,4982.394484610623,0,0,1
2023-03-25 03:00:00,5143.658831232572,0,0,1
2023-03-25 04:00:00,5830.603821548504,0,0,1
2023-03-25 05:00:00,4349.505308057218,0,0,1
2023-03-25 06:00:00,4681.602692136212,0,0,1
2023-03-25 07:00:00,5279.331709144463,0,0,1
2023-03-25 08:00:00,4317.266269040569,0,0,1
2023-03-25 09:00:00,4212.557532057369,0,0,1
2023-03-25 10:00:00,4577.070649893879,0,0,1
2023-03-25 11:00:00,4975.479511099909,0,0,1
2023-03-25 12:00:00,4372.245676283211,0,0,1
2023-03-25 13:00:00,5146.082210723715,0,0,1
2023-03-25 14:00:00,5268.30669123401,0,0,1
2023-03-25 15:00:00,5341.144280418771,0,0,1
2023-03-25 16:00:00,6047.8526105085575,0,0,1
2023-03-25 17:00:00,5503.717593549108,0,0,1
2023-03-25 18:00:00,5422.991687017039,0,0,1
2023-03-25 19:00:00,6139.5533365187475,0,0,1
2023-03-25 20:00:00,5251.847632903853,0,0,1
2023-03-25 21:00:00,5113.356962986745,0,0,1
2023-03-25 22:00:00,4829.5530391314915,0,0,1
2023-03-25 23:00:00,3428.770335734341,0,0,1
2023-03-26 00:00:00,3172.7962192278414,0,0,1
2023-03-26 01:00:00,4914.274472348202,0,0,1
2023-03-26 02:00:00,4652.752533755248,0,0,1
2023-03-26 03:00:00,5085.636230092195,0,0,1
2023-03-26 04:00:00,4814.770537870323,0,0,1
2023-03-26 05:00:00,4418.466968845114,0,0,1
2023-03-26 06:00:00,4406.029994383929,0,0,1
2023-03-26 07:00:00,5014.147401657689,0,0,1
2023-03-26 08:00:00,3513.1492868318614,0,0,1
2023-03-26 09:00:00,4616.3895061822295,0,0,1
2023-03-26 10:00:00,4539.855072330953,0,0,1
2023-03-26 11:00:00,5898.061530274946,0,0,1
2023-03-26 12:00:00,5600.994367766747,0,0,1
2023-03-26 13:00:00,5636.986474793572,0,0,1
2023-03-26 14:00:00,4901.394708021446,0,0,1
2023-03-26 15:00:00,4328.896830666523,0,0,1
2023-03-26 16:00:00,5092.750098761305,0,0,1
2023-03-26 17:00:00,4837.659642565927,0,0,1
2023-03-26 18:00:00,5062.881927690056,0,0,1
2023-03-26 19:00:00,3944.115676042022,0,0,1
2023-03-26 20:00:00,4756.922141429397,0,0,1
2023-03-26 21:00:00,5156.491901572672,0,0,1
2023-03-26 22:00:00,5119.252866328936,0,0,1
2023-03-26 23:00:00,3509.655082741205,0,0,1
2023-03-27 00:00:00,3701.332899335924,0,0,1
2023-03-27 01:00:00,5965.575116438493,0,0,1
2023-03-27 02:00:00,6304.052424993673,0,0,1
2023-03-27 03:00:00,7321.646430683407,0,0,1
2023-03-27 04:00:00,8682.555081081326,0,0,1
2023-03-27 05:00:00,6530.494852875063,0,0,1
2023-03-27 06:00:00,6226.355402508017,0,0,1
2023-03-27 07:00:00,7230.482173342735,0,0,1
2023-03-27 08:00:00,6373.799926885276,0,0,1
2023-03-27 09:00:00,8833.342867422652,0,0,1
2023-03-27 10:00:00,10000.516336169421,0,0,1
2023-03-27 11:00:00,7068.9270585330705,0,0,1
2023-03-27 12:00:00,7851.391766493737,0,0,1
2023-03-27 13:00:00,6701.959812560829,0,0,1
2023-03-27 14:00:00,5746.98558258129,0,0,1
2023-03-27 15:00:00,7460.015639018101,0,0,1
2023-03-27 16:00:00,7499.854890447699,0,0,1
2023-03-27 17:00:00,5920.519527316236,0,0,1
2023-03-27 18:00:00,8560.290974180794,0,0,1
2023-03-27 19:00:00,7554.143858784299,0,0,1
2023-03-27 20:00:00,7069.984889058631,0,0,1
2023-03-27 21:00:00,6715.165971866277,0,0,1
2023-03-27 22:00:00,6096.1538235556,0,0,1
2023-03-27 23:00:00,4703.009518208509,0,0,1
2023-03-28 00:00:00,4273.116085328049,0,0,0
2023-03-28 01:00:00,4326.871423783921,0,0,0
2023-03-28 02:00:00,3779.297441814767,0,0,0
2023-03-28 03:00:00,3936.9863608395503,0,0,0
2023-03-28 04:00:00,3576.3864234667085,0,0,0
2023-03-28 05:00:00,3266.719118585459,0,0,0
2023-03-28 06:00:00,3822.359573644278,0,0,0
2023-03-28 07:00:00,3553.245968618579,0,0,0
2023-03-28 08:00:00,3541.2642436135607,0,0,0
2023-03-28 09:00:00,4406.471221247983,0,0,0
2023-03-28 10:00:00,4046.7454792106514,0,0,0
2023-03-28 11:00:00,2707.6257734010437,0,0,0
2023-03-28 12:00:00,6284.882848440356,0,0,0
2023-03-28 13:00:00,3645.2472996969996,0,0,0
2023-03-28 14:00:00,3717.6276183191035,0,0,0
2023-03-28 15:00:00,3057.82933855524,0,0,0
2023-03-28 16:00:00,4033.7599114903715,0,0,0
2023-03-28 17:00:00,3930.1008345367163,0,0,0
2023-03-28 18:00:00,4518.553085637554,0,0,0
2023-03-28 19:00:00,4388.238699839912,0,0,0
2023-03-28 20:00:00,4429.631859251785,0,0,0
2023-03-28 21:00:00,3297.1903454800054,0,0,0
2023-03-28 22:00:00,4422.215981518008,0,0,0
2023-03-28 23:00:00,4306.712613639019,0,0,0
2023-03-29 00:00:00,3803.3889569594307,0,0,0
2023-03-29 01:00:00,3984.160389035678,0,0,0
2023-03-29 02:00:00,4641.66385893466,0,0,0
2023-03-29 03:00:00,4145.482028807851,0,0,0
2023-03-29 04:00:00,4394.270488425428,0,0,0
2023-03-29 05:00:00,4809.6920453782795,0,0,0
2023-03-29 06:00:00,3626.8127183872275,0,0,0
2023-03-29 07:00:00,3484.5338685381435,0,0,0
2023-03-29 08:00:00,5348.929964735344,0,0,0
2023-03-29 09:00:00,4420.121867302003,0,0,0
2023-03-29 10:00:00,3623.5312381207436,0,0,0
2023-03-29 11:00:00,4314.754523536383,0,0,0
2023-03-29 12:00:00,5099.98931178835,0,0,0
2023-03-29 13:00:00,4245.592010180687,0,0,0
2023-03-29 14:00:00,4618.494451435276,0,0,0
2023-03-29 15:00:00,4816.418538309179,0,0,0
2023-03-29 16:00:00,4090.8428235807382,0,0,0
2023-03-29 17:00:00,4461.527246463718,0,0,0
2023-03-29 18:00:00,4905.924564082613,0,0,0
2023-03-29 19:00:00,4422.718523843535,0,0,0
2023-03-29 20:00:00,4446.979395541291,0,0,0
2023-03-29 21:00:00,4778.069264223675,0,0,0
2023-03-29 22:00:00,4763.034022771722,0,0,0
2023-03-29 23:00:00,4475.736077695401,0,0,0
2023-03-30 00:00:00,4381.1459273307755,0,0,0
2023-03-30 01:00:00,4736.032178181341,0,0,0
2023-03-30 02:00:00,4183.654088454389,0,0,0
2023-03-30 03:00:00,4392.628331609487,0,0,0
2023-03-30 04:00:00,4725.619381024854,0,0,0
2023-03-30 05:00:00,4409.423905790204,0,0,0
2023-03-30 06:00:00,4353.582831982195,0,0,0
2023-03-30 07:00:00,3734.7467939804183,0,0,0
2023-03-30 08:00:00,4339.716908323713,0,0,0
2023-03-30 09:00:00,4105.957984973042,0,0,0
2023-03-30 10:00:00,4180.014254190679,0,0,0
2023-03-30 11:00:00,5147.781902932879,0,0,0
2023-03-30 12:00:00,4115.449353444001,0,0,0
2023-03-30 13:00:00,4892.706037624989,0,0,0
2023-03-30 14:00:00,4962.368604294495,0,0,0
2023-03-30 15:00:00,3718.315062126081,0,0,0
2023-03-30 16:00:00,4262.07440923833,0,0,0
2023-03-30 17:00:00,3399.361150302713,0,0,0
2023-03-30 18:00:00,3587.270877857643,0,0,0
2023-03-30 19:00:00,3701.360259500892,0,0,0
2023-03-30 20:00:00,4138.668190141103,0,0,0
2023-03-30 21:00:00,4431.978774859229,0,0,0
2023-03-30 22:00:00,4530.858008675064,0,0,0
2023-03-30 23:00:00,4284.58418052016,0,0,0
2023-03-31 00:00:00,4935.74096904384,0,0,0
2023-03-31 01:00:00,4138.794378599133,0,0,0
2023-03-31 02:00:00,4977.633437980055,0,0,0
2023-03-31 03:00:00,5638.204472132189,0,0,0
2023-03-31 04:00:00,4967.118616172731,0,0,0
2023-03-31 05:00:00,3609.148163664753,0,0,0
2023-03-31 06:00:00,4226.419039652294,0,0,0
2023-03-31 07:00:00,4068.4030143874843,0,0,0
2023-03-31 08:00:00,4693.724962626234,0,0,0
2023-03-31 09:00:00,4317.76707955555,0,0,0
2023-03-31 10:00:00,5066.3468699396035,0,0,0
2023-03-31 11:00:00,4957.927904649022,0,0,0
2023-03-31 12:00:00,5303.222518502828,0,0,0
2023-03-31 13:00:00,3987.5803220587172,0,0,0
2023-03-31 14:00:00,3812.6626730561175,0,0,0
2023-03-31 15:00:00,5020.372933534971,0,0,0
2023-03-31 16:00:00,4880.868993622843,0,0,0
2023-03-31 17:00:00,3951.45212497333,0,0,0
2023-03-31 18:00:00,3449.113168493524,0,0,0
2023-03-31 19:00:00,4465.694274462082,0,0,0
2023-03-31 20:00:00,3871.723771862586,0,0,0
2023-03-31 21:00:00,3701.0414944347617,0,0,0
2023-03-31 22:00:00,3948.960959693962,0,0,0
2023-03-31 23:00:00,4895.0156880315935,0,0,0
